"MONATSZAHL","AUSPRÄGUNG","JAHR","MONAT","WERT","VORJAHRESWERT","VERÄND_VORMONAT_PROZENT","VERÄND_VORJAHRESMONAT_PROZENT","ZWÖLF_MONATE_MITTELWERT"
"Gäste","Ausland",2022,"Summe",636024,865312,,-26.5,
"Gäste","Ausland",2022,"202201",54752,11433,-22.56,378.89,75719
"Gäste","Ausland",2022,"202202",77480,12635,41.51,513.22,81123
"Gäste","Ausland",2022,"202203",114336,14957,47.57,664.43,89405
"Gäste","Ausland",2022,"202204",171106,13915,49.65,1129.65,102504
"Gäste","Ausland",2022,"202205",218350,20635,27.61,958.15,118980
"Gäste","Ausland",2022,"202206",,49497,,,
"Gäste","Ausland",2022,"202207",,121314,,,
"Gäste","Ausland",2022,"202208",,140204,,,
"Gäste","Ausland",2022,"202209",,132667,,,
"Gäste","Ausland",2022,"202210",,166891,,,
"Gäste","Ausland",2022,"202211",,110460,,,
"Gäste","Ausland",2022,"202212",,70704,,,
"Gäste","Ausland",2021,"Summe",865312,903373,,-4.21,
"Gäste","Ausland",2021,"202101",11433,243174,5.03,-95.3,55969
"Gäste","Ausland",2021,"202102",12635,223106,10.51,-94.34,38430
"Gäste","Ausland",2021,"202103",14957,73870,18.38,-79.75,33521
"Gäste","Ausland",2021,"202104",13915,4785,-6.97,190.8,34282
"Gäste","Ausland",2021,"202105",20635,7491,48.29,175.46,35377
"Gäste","Ausland",2021,"202106",49497,31148,139.87,58.91,36906
"Gäste","Ausland",2021,"202107",121314,81713,145.09,48.46,40206
"Gäste","Ausland",2021,"202108",140204,89840,15.57,56.06,44403
"Gäste","Ausland",2021,"202109",132667,71487,-5.38,85.58,49501
"Gäste","Ausland",2021,"202110",166891,51273,25.8,225.49,59136
"Gäste","Ausland",2021,"202111",110460,14601,-33.81,656.52,67124
"Gäste","Ausland",2021,"202112",70704,10885,-35.99,549.55,72109
"Gäste","Ausland",2020,"Summe",903373,3930398,,-77.02,
"Gäste","Ausland",2020,"202001",243174,237104,-28.22,2.56,328039
"Gäste","Ausland",2020,"202002",223106,240175,-8.25,-7.11,326617
"Gäste","Ausland",2020,"202003",73870,263418,-66.89,-71.96,310821
"Gäste","Ausland",2020,"202004",4785,317205,-93.52,-98.49,284786
"Gäste","Ausland",2020,"202005",7491,339976,56.55,-97.8,257079
"Gäste","Ausland",2020,"202006",31148,341366,315.81,-90.88,231227
"Gäste","Ausland",2020,"202007",81713,424524,162.34,-80.75,202660
"Gäste","Ausland",2020,"202008",89840,394033,9.95,-77.2,177310
"Gäste","Ausland",2020,"202009",71487,395742,-20.43,-81.94,150289
"Gäste","Ausland",2020,"202010",51273,360918,-28.28,-85.79,124485
"Gäste","Ausland",2020,"202011",14601,277155,-71.52,-94.73,102606
"Gäste","Ausland",2020,"202012",10885,338782,-25.45,-96.79,75281
"Gäste","Ausland",2019,"Summe",3930398,3750956,,4.78,
"Gäste","Ausland",2019,"201901",237104,234150,-25.49,1.26,312826
"Gäste","Ausland",2019,"201902",240175,216399,1.3,10.99,314807
"Gäste","Ausland",2019,"201903",263418,263523,9.68,-0.04,314798
"Gäste","Ausland",2019,"201904",317205,289300,20.42,9.65,317124
"Gäste","Ausland",2019,"201905",339976,300258,7.18,13.23,320434
"Gäste","Ausland",2019,"201906",341366,332647,0.41,2.62,321160
"Gäste","Ausland",2019,"201907",424524,401163,24.36,5.82,323107
"Gäste","Ausland",2019,"201908",394033,385677,-7.18,2.17,323803
"Gäste","Ausland",2019,"201909",395742,388056,0.43,1.98,324444
"Gäste","Ausland",2019,"201910",360918,346195,-8.8,4.25,325671
"Gäste","Ausland",2019,"201911",277155,275375,-23.21,0.65,325819
"Gäste","Ausland",2019,"201912",338782,318213,22.24,6.46,327533
"Gäste","Ausland",2018,"Summe",3750956,3470596,,8.08,
"Gäste","Ausland",2018,"201801",234150,197853,-24.02,18.35,292241
"Gäste","Ausland",2018,"201802",216399,217699,-7.58,-0.6,292133
"Gäste","Ausland",2018,"201803",263523,224460,21.78,17.4,295388
"Gäste","Ausland",2018,"201804",289300,267442,9.78,8.17,297210
"Gäste","Ausland",2018,"201805",300258,289700,3.79,3.64,298089
"Gäste","Ausland",2018,"201806",332647,285402,10.79,16.55,302026
"Gäste","Ausland",2018,"201807",401163,368990,20.6,8.72,304708
"Gäste","Ausland",2018,"201808",385677,361783,-3.86,6.6,306699
"Gäste","Ausland",2018,"201809",388056,400846,0.62,-3.19,305633
"Gäste","Ausland",2018,"201810",346195,303212,-10.79,14.18,309215
"Gäste","Ausland",2018,"201811",275375,245017,-20.46,12.39,311745
"Gäste","Ausland",2018,"201812",318213,308192,15.56,3.25,312580
"Gäste","Ausland",2017,"Summe",3470596,3137136,,10.63,
"Gäste","Ausland",2017,"201701",197853,194757,-24.46,1.59,261686
"Gäste","Ausland",2017,"201702",217699,188895,10.03,15.25,264086
"Gäste","Ausland",2017,"201703",224460,227063,3.11,-1.15,263869
"Gäste","Ausland",2017,"201704",267442,262724,19.15,1.8,264263
"Gäste","Ausland",2017,"201705",289700,255870,8.32,13.22,267082
"Gäste","Ausland",2017,"201706",285402,282846,-1.48,0.9,267295
"Gäste","Ausland",2017,"201707",368990,324260,29.29,13.79,271022
"Gäste","Ausland",2017,"201708",361783,299058,-1.95,20.97,276249
"Gäste","Ausland",2017,"201709",400846,340805,10.8,17.62,281253
"Gäste","Ausland",2017,"201710",303212,275065,-24.36,10.23,283598
"Gäste","Ausland",2017,"201711",245017,223882,-19.19,9.44,285360
"Gäste","Ausland",2017,"201712",308192,261911,25.78,17.67,289216
"Gäste","Ausland",2016,"Summe",3137136,3208005,,-2.21,
"Gäste","Ausland",2016,"201601",194757,190432,-25.38,2.27,267694
"Gäste","Ausland",2016,"201602",188895,197060,-3.01,-4.14,267014
"Gäste","Ausland",2016,"201603",227063,218027,20.21,4.14,267767
"Gäste","Ausland",2016,"201604",262724,233687,15.71,12.43,270187
"Gäste","Ausland",2016,"201605",255870,272014,-2.61,-5.93,268841
"Gäste","Ausland",2016,"201606",282846,276326,10.54,2.36,269385
"Gäste","Ausland",2016,"201607",324260,343738,14.64,-5.67,267761
"Gäste","Ausland",2016,"201608",299058,357987,-7.77,-16.46,262851
"Gäste","Ausland",2016,"201609",340805,344722,13.96,-1.14,262524
"Gäste","Ausland",2016,"201610",275065,292641,-19.29,-6.01,261060
"Gäste","Ausland",2016,"201611",223882,220379,-18.61,1.59,261351
"Gäste","Ausland",2016,"201612",261911,260992,16.99,0.35,261428
"Gäste","Ausland",2015,"Summe",3208005,3008604,,6.63,
"Gäste","Ausland",2015,"201501",190432,191581,-26.45,-0.6,250621
"Gäste","Ausland",2015,"201502",197060,168186,3.48,17.17,253027
"Gäste","Ausland",2015,"201503",218027,205127,10.64,6.29,254102
"Gäste","Ausland",2015,"201504",233687,231983,7.18,0.73,254244
"Gäste","Ausland",2015,"201505",272014,271641,16.4,0.14,254276
"Gäste","Ausland",2015,"201506",276326,257506,1.59,7.31,255844
"Gäste","Ausland",2015,"201507",343738,305983,24.4,12.34,258990
"Gäste","Ausland",2015,"201508",357987,320942,4.15,11.54,262077
"Gäste","Ausland",2015,"201509",344722,307995,-3.71,11.92,265138
"Gäste","Ausland",2015,"201510",292641,272239,-15.11,7.49,266838
"Gäste","Ausland",2015,"201511",220379,216499,-24.69,1.79,267161
"Gäste","Ausland",2015,"201512",260992,258922,18.43,0.8,267334
"Gäste","Ausland",2014,"Summe",3008604,2860339,,5.18,
"Gäste","Ausland",2014,"201401",191581,172136,-18.97,11.3,239982
"Gäste","Ausland",2014,"201402",168186,177280,-12.21,-5.13,239224
"Gäste","Ausland",2014,"201403",205127,199629,21.96,2.75,239682
"Gäste","Ausland",2014,"201404",231983,230863,13.09,0.49,239776
"Gäste","Ausland",2014,"201405",271641,238117,17.1,14.08,242569
"Gäste","Ausland",2014,"201406",257506,254978,-5.2,0.99,242780
"Gäste","Ausland",2014,"201407",305983,287510,18.83,6.43,244319
"Gäste","Ausland",2014,"201408",320942,297364,4.89,7.93,246284
"Gäste","Ausland",2014,"201409",307995,302616,-4.03,1.78,246733
"Gäste","Ausland",2014,"201410",272239,263417,-11.61,3.35,247468
"Gäste","Ausland",2014,"201411",216499,199988,-20.47,8.26,248844
"Gäste","Ausland",2014,"201412",258922,236441,19.6,9.51,250717
"Gäste","Ausland",2013,"Summe",2860339,2748464,,4.07,
"Gäste","Ausland",2013,"201301",172136,166562,-22.65,3.35,229503
"Gäste","Ausland",2013,"201302",177280,149208,2.99,18.81,231843
"Gäste","Ausland",2013,"201303",199629,188249,12.61,6.05,232791
"Gäste","Ausland",2013,"201304",230863,208614,15.65,10.67,234645
"Gäste","Ausland",2013,"201305",238117,239861,3.14,-0.73,234500
"Gäste","Ausland",2013,"201306",254978,246573,7.08,3.41,235200
"Gäste","Ausland",2013,"201307",287510,292193,12.76,-1.6,234810
"Gäste","Ausland",2013,"201308",297364,274448,3.43,8.35,236719
"Gäste","Ausland",2013,"201309",302616,293493,1.77,3.11,237480
"Gäste","Ausland",2013,"201310",263417,268228,-12.95,-1.79,237079
"Gäste","Ausland",2013,"201311",199988,198493,-24.08,0.75,237203
"Gäste","Ausland",2013,"201312",236441,222542,18.23,6.25,238362
"Gäste","Ausland",2012,"Summe",2748464,2565772,,7.12,
"Gäste","Ausland",2012,"201201",166562,150441,-22.93,10.72,215158
"Gäste","Ausland",2012,"201202",149208,157510,-10.42,-5.27,214466
"Gäste","Ausland",2012,"201203",188249,163129,26.17,15.4,216559
"Gäste","Ausland",2012,"201204",208614,187604,10.82,11.2,218310
"Gäste","Ausland",2012,"201205",239861,205111,14.98,16.94,221206
"Gäste","Ausland",2012,"201206",246573,222244,2.8,10.95,223233
"Gäste","Ausland",2012,"201207",292193,294822,18.5,-0.89,223014
"Gäste","Ausland",2012,"201208",274448,244971,-6.07,12.03,225471
"Gäste","Ausland",2012,"201209",293493,305970,6.94,-4.08,224431
"Gäste","Ausland",2012,"201210",268228,230144,-8.61,16.55,227605
"Gäste","Ausland",2012,"201211",198493,187700,-26,5.75,228504
"Gäste","Ausland",2012,"201212",222542,216126,12.12,2.97,229039
"Gäste","Ausland",2011,"Summe",2565772,2482082,,3.37,
"Gäste","Ausland",2011,"201101",150441,118736,-25.24,26.7,209482
"Gäste","Ausland",2011,"201102",157510,153054,4.7,2.91,209854
"Gäste","Ausland",2011,"201103",163129,164568,3.57,-0.87,209734
"Gäste","Ausland",2011,"201104",187604,189195,15,-0.84,209601
"Gäste","Ausland",2011,"201105",205111,190892,9.33,7.45,210786
"Gäste","Ausland",2011,"201106",222244,222317,8.35,-0.03,210780
"Gäste","Ausland",2011,"201107",294822,291066,32.66,1.29,211093
"Gäste","Ausland",2011,"201108",244971,249572,-16.91,-1.84,210710
"Gäste","Ausland",2011,"201109",305970,304246,24.9,0.57,210853
"Gäste","Ausland",2011,"201110",230144,225569,-24.78,2.03,211234
"Gäste","Ausland",2011,"201111",187700,171643,-18.44,9.35,212573
"Gäste","Ausland",2011,"201112",216126,201224,15.14,7.41,213814
"Gäste","Ausland",2010,"Summe",2482082,2104936,,17.92,
"Gäste","Ausland",2010,"201001",118736,118411,-36.27,0.27,175438
"Gäste","Ausland",2010,"201002",153054,111805,28.9,36.89,178876
"Gäste","Ausland",2010,"201003",164568,131439,7.52,25.2,181637
"Gäste","Ausland",2010,"201004",189195,148224,14.96,27.64,185051
"Gäste","Ausland",2010,"201005",190892,184501,0.9,3.46,185583
"Gäste","Ausland",2010,"201006",222317,175192,16.46,26.9,189511
"Gäste","Ausland",2010,"201007",291066,231342,30.92,25.82,194488
"Gäste","Ausland",2010,"201008",249572,215795,-14.26,15.65,197302
"Gäste","Ausland",2010,"201009",304246,245801,21.91,23.78,202173
"Gäste","Ausland",2010,"201010",225569,204173,-25.86,10.48,203956
"Gäste","Ausland",2010,"201011",171643,151953,-23.91,12.96,205597
"Gäste","Ausland",2010,"201012",201224,186300,17.23,8.01,206840
"Gäste","Ausland",2009,"Summe",2104936,2093177,,0.56,
"Gäste","Ausland",2009,"200901",118411,129379,-24.7,-8.48,173517
"Gäste","Ausland",2009,"200902",111805,130896,-5.58,-14.58,171927
"Gäste","Ausland",2009,"200903",131439,147580,17.56,-10.94,170581
"Gäste","Ausland",2009,"200904",148224,164989,12.77,-10.16,169184
"Gäste","Ausland",2009,"200905",184501,175397,24.47,5.19,169943
"Gäste","Ausland",2009,"200906",175192,195010,-5.05,-10.16,168292
"Gäste","Ausland",2009,"200907",231342,223642,32.05,3.44,168933
"Gäste","Ausland",2009,"200908",215795,223055,-6.72,-3.25,168328
"Gäste","Ausland",2009,"200909",245801,217192,13.9,13.17,170712
"Gäste","Ausland",2009,"200910",204173,195765,-16.94,4.29,171413
"Gäste","Ausland",2009,"200911",151953,133030,-25.58,14.22,172990
"Gäste","Ausland",2009,"200912",186300,157242,22.6,18.48,175411
"Gäste","Ausland",2008,"Summe",2093177,2097924,,-0.23,
"Gäste","Ausland",2008,"200801",129379,113394,-24,14.1,176159
"Gäste","Ausland",2008,"200802",130896,125029,1.17,4.69,176648
"Gäste","Ausland",2008,"200803",147580,149562,12.75,-1.33,176483
"Gäste","Ausland",2008,"200804",164989,170719,11.8,-3.36,176005
"Gäste","Ausland",2008,"200805",175397,165728,6.31,5.83,176811
"Gäste","Ausland",2008,"200806",195010,183839,11.18,6.08,177742
"Gäste","Ausland",2008,"200807",223642,220585,14.68,1.39,177997
"Gäste","Ausland",2008,"200808",223055,222335,-0.26,0.32,178057
"Gäste","Ausland",2008,"200809",217192,224852,-2.63,-3.41,177418
"Gäste","Ausland",2008,"200810",195765,201168,-9.87,-2.69,176968
"Gäste","Ausland",2008,"200811",133030,150468,-32.05,-11.59,175515
"Gäste","Ausland",2008,"200812",157242,170245,18.2,-7.64,174431
"Gäste","Ausland",2007,"Summe",2097924,1926400,,8.9,
"Gäste","Ausland",2007,"200701",113394,103867,-30.06,9.17,161327
"Gäste","Ausland",2007,"200702",125029,98880,10.26,26.45,163506
"Gäste","Ausland",2007,"200703",149562,130423,19.62,14.67,165101
"Gäste","Ausland",2007,"200704",170719,135093,14.15,26.37,168070
"Gäste","Ausland",2007,"200705",165728,160295,-2.92,3.39,168523
"Gäste","Ausland",2007,"200706",183839,183239,10.93,0.33,168573
"Gäste","Ausland",2007,"200707",220585,215313,19.99,2.45,169012
"Gäste","Ausland",2007,"200708",222335,198945,0.79,11.76,170961
"Gäste","Ausland",2007,"200709",224852,225853,1.13,-0.44,170878
"Gäste","Ausland",2007,"200710",201168,171830,-10.53,17.07,173323
"Gäste","Ausland",2007,"200711",150468,140541,-25.2,7.06,174150
"Gäste","Ausland",2007,"200712",170245,162121,13.14,5.01,174827
"Gäste","Ausland",2006,"Summe",1926400,1750533,,10.05,
"Gäste","Ausland",2006,"200601",103867,90126,-23.02,15.25,103867
"Gäste","Ausland",2006,"200602",98880,106639,-4.8,-7.28,101374
"Gäste","Ausland",2006,"200603",130423,114176,31.9,14.23,111057
"Gäste","Ausland",2006,"200604",135093,135920,3.58,-0.61,117066
"Gäste","Ausland",2006,"200605",160295,132805,18.66,20.7,125712
"Gäste","Ausland",2006,"200606",183239,164818,14.31,11.18,135300
"Gäste","Ausland",2006,"200607",215313,195894,17.5,9.91,146730
"Gäste","Ausland",2006,"200608",198945,191160,-7.6,4.07,153257
"Gäste","Ausland",2006,"200609",225853,205517,13.53,9.9,161323
"Gäste","Ausland",2006,"200610",171830,158525,-23.92,8.39,162374
"Gäste","Ausland",2006,"200611",140541,120034,-18.21,17.08,160389
"Gäste","Ausland",2006,"200612",162121,134919,15.35,20.16,160533
"Gäste","Inland",2022,"Summe",1274351,2244080,,-43.21,
"Gäste","Inland",2022,"202201",133901,39072,-2.79,242.7,194909
"Gäste","Inland",2022,"202202",164125,48011,22.57,241.85,204585
"Gäste","Inland",2022,"202203",240801,64182,46.72,275.18,219304
"Gäste","Inland",2022,"202204",325025,57184,34.98,468.38,241624
"Gäste","Inland",2022,"202205",410499,92479,26.3,343.88,268125
"Gäste","Inland",2022,"202206",,186498,,,
"Gäste","Inland",2022,"202207",,321450,,,
"Gäste","Inland",2022,"202208",,361455,,,
"Gäste","Inland",2022,"202209",,331518,,,
"Gäste","Inland",2022,"202210",,377841,,,
"Gäste","Inland",2022,"202211",,226642,,,
"Gäste","Inland",2022,"202212",,137748,,,
"Gäste","Inland",2021,"Summe",2244080,2095322,,7.1,
"Gäste","Inland",2021,"202101",39072,332801,-7.53,-88.26,150133
"Gäste","Inland",2021,"202102",48011,347485,22.88,-86.18,125177
"Gäste","Inland",2021,"202103",64182,145967,33.68,-56.03,118361
"Gäste","Inland",2021,"202104",57184,24747,-10.9,131.07,121064
"Gäste","Inland",2021,"202105",92479,51020,61.72,81.26,124519
"Gäste","Inland",2021,"202106",186498,144565,101.67,29.01,128014
"Gäste","Inland",2021,"202107",321450,258941,72.36,24.14,133223
"Gäste","Inland",2021,"202108",361455,265517,12.45,36.13,141218
"Gäste","Inland",2021,"202109",331518,245985,-8.28,34.77,148345
"Gäste","Inland",2021,"202110",377841,171401,13.97,120.44,165549
"Gäste","Inland",2021,"202111",226642,64640,-40.02,250.62,179049
"Gäste","Inland",2021,"202112",137748,42253,-39.22,226.01,187007
"Gäste","Inland",2020,"Summe",2095322,4849466,,-56.79,
"Gäste","Inland",2020,"202001",332801,334585,-15.78,-0.53,403974
"Gäste","Inland",2020,"202002",347485,335406,4.41,3.6,404980
"Gäste","Inland",2020,"202003",145967,384248,-57.99,-62.01,385123
"Gäste","Inland",2020,"202004",24747,398025,-83.05,-93.78,354017
"Gäste","Inland",2020,"202005",51020,439951,106.17,-88.4,321606
"Gäste","Inland",2020,"202006",144565,415447,183.35,-65.2,299032
"Gäste","Inland",2020,"202007",258941,486206,79.12,-46.74,280094
"Gäste","Inland",2020,"202008",265517,388947,2.54,-31.73,269808
"Gäste","Inland",2020,"202009",245985,401853,-7.36,-38.79,256819
"Gäste","Inland",2020,"202010",171401,454277,-30.32,-62.27,233246
"Gäste","Inland",2020,"202011",64640,415367,-62.29,-84.44,204019
"Gäste","Inland",2020,"202012",42253,395154,-34.63,-89.31,174610
"Gäste","Inland",2019,"Summe",4849466,4512176,,7.48,
"Gäste","Inland",2019,"201901",334585,296634,-6.26,12.79,379177
"Gäste","Inland",2019,"201902",335406,313378,0.25,7.03,381013
"Gäste","Inland",2019,"201903",384248,384541,14.56,-0.08,380989
"Gäste","Inland",2019,"201904",398025,375445,3.59,6.01,382870
"Gäste","Inland",2019,"201905",439951,369289,10.53,19.13,388759
"Gäste","Inland",2019,"201906",415447,412602,-5.57,0.69,388996
"Gäste","Inland",2019,"201907",486206,464409,17.03,4.69,390812
"Gäste","Inland",2019,"201908",388947,353206,-20,10.12,393791
"Gäste","Inland",2019,"201909",401853,376757,3.32,6.66,395882
"Gäste","Inland",2019,"201910",454277,421285,13.05,7.83,398631
"Gäste","Inland",2019,"201911",415367,387699,-8.57,7.14,400937
"Gäste","Inland",2019,"201912",395154,356931,-4.87,10.71,404122
"Gäste","Inland",2018,"Summe",4512176,4142413,,8.93,
"Gäste","Inland",2018,"201801",296634,280092,-15.14,5.91,346580
"Gäste","Inland",2018,"201802",313378,284646,5.64,10.09,348974
"Gäste","Inland",2018,"201803",384541,333125,22.71,15.43,353259
"Gäste","Inland",2018,"201804",375445,326428,-2.37,15.02,357343
"Gäste","Inland",2018,"201805",369289,365027,-1.64,1.17,357699
"Gäste","Inland",2018,"201806",412602,359175,11.73,14.87,362151
"Gäste","Inland",2018,"201807",464409,404198,12.56,14.9,367168
"Gäste","Inland",2018,"201808",353206,343560,-23.95,2.81,367972
"Gäste","Inland",2018,"201809",376757,347891,6.67,8.3,370378
"Gäste","Inland",2018,"201810",421285,404633,11.82,4.12,371765
"Gäste","Inland",2018,"201811",387699,344086,-7.97,12.68,375400
"Gäste","Inland",2018,"201812",356931,349552,-7.94,2.11,376015
"Gäste","Inland",2017,"Summe",4142413,3907864,,6,
"Gäste","Inland",2017,"201701",280092,239061,-10.64,17.16,329075
"Gäste","Inland",2017,"201702",284646,270093,1.63,5.39,330287
"Gäste","Inland",2017,"201703",333125,330011,17.03,0.94,330547
"Gäste","Inland",2017,"201704",326428,340744,-2.01,-4.2,329354
"Gäste","Inland",2017,"201705",365027,333190,11.82,9.56,332007
"Gäste","Inland",2017,"201706",359175,344920,-1.6,4.13,333195
"Gäste","Inland",2017,"201707",404198,373705,12.54,8.16,335736
"Gäste","Inland",2017,"201708",343560,307192,-15,11.84,338767
"Gäste","Inland",2017,"201709",347891,337415,1.26,3.1,339640
"Gäste","Inland",2017,"201710",404633,390787,16.31,3.54,340793
"Gäste","Inland",2017,"201711",344086,327316,-14.96,5.12,342191
"Gäste","Inland",2017,"201712",349552,313430,1.59,11.52,345201
"Gäste","Inland",2016,"Summe",3907864,3743979,,4.38,
"Gäste","Inland",2016,"201601",239061,248698,-18.68,-3.87,311195
"Gäste","Inland",2016,"201602",270093,254687,12.98,6.05,312479
"Gäste","Inland",2016,"201603",330011,310852,22.18,6.16,314076
"Gäste","Inland",2016,"201604",340744,296770,3.25,14.82,317740
"Gäste","Inland",2016,"201605",333190,326944,-2.22,1.91,318261
"Gäste","Inland",2016,"201606",344920,327748,3.52,5.24,319692
"Gäste","Inland",2016,"201607",373705,361398,8.35,3.41,320717
"Gäste","Inland",2016,"201608",307192,325912,-17.8,-5.74,319157
"Gäste","Inland",2016,"201609",337415,309166,9.84,9.14,321511
"Gäste","Inland",2016,"201610",390787,368299,15.82,6.11,323385
"Gäste","Inland",2016,"201611",327316,319523,-16.24,2.44,324035
"Gäste","Inland",2016,"201612",313430,293982,-4.24,6.62,325655
"Gäste","Inland",2015,"Summe",3743979,3575732,,4.71,
"Gäste","Inland",2015,"201501",248698,228785,-15.66,8.7,299637
"Gäste","Inland",2015,"201502",254687,249884,2.41,1.92,300037
"Gäste","Inland",2015,"201503",310852,286341,22.05,8.56,302080
"Gäste","Inland",2015,"201504",296770,287833,-4.53,3.1,302825
"Gäste","Inland",2015,"201505",326944,310665,10.17,5.24,304181
"Gäste","Inland",2015,"201506",327748,292203,0.25,12.16,307143
"Gäste","Inland",2015,"201507",361398,339665,10.27,6.4,308954
"Gäste","Inland",2015,"201508",325912,308984,-9.82,5.48,310365
"Gäste","Inland",2015,"201509",309166,314048,-5.14,-1.55,309958
"Gäste","Inland",2015,"201510",368299,364443,19.13,1.06,310280
"Gäste","Inland",2015,"201511",319523,298020,-13.24,7.22,312072
"Gäste","Inland",2015,"201512",293982,294861,-7.99,-0.3,311998
"Gäste","Inland",2014,"Summe",3575732,3450435,,3.63,
"Gäste","Inland",2014,"201401",228785,238133,-13.93,-3.93,286757
"Gäste","Inland",2014,"201402",249884,236350,9.22,5.73,287885
"Gäste","Inland",2014,"201403",286341,280813,14.59,1.97,288346
"Gäste","Inland",2014,"201404",287833,276770,0.52,4,289268
"Gäste","Inland",2014,"201405",310665,304172,7.93,2.13,289809
"Gäste","Inland",2014,"201406",292203,299656,-5.94,-2.49,289188
"Gäste","Inland",2014,"201407",339665,329693,16.24,3.02,290019
"Gäste","Inland",2014,"201408",308984,286576,-9.03,7.82,291886
"Gäste","Inland",2014,"201409",314048,305645,1.64,2.75,292586
"Gäste","Inland",2014,"201410",364443,347409,16.05,4.9,294006
"Gäste","Inland",2014,"201411",298020,279401,-18.23,6.66,295557
"Gäste","Inland",2014,"201412",294861,265817,-1.06,10.93,297978
"Gäste","Inland",2013,"Summe",3450435,3384020,,1.96,
"Gäste","Inland",2013,"201301",238133,211023,-12.48,12.85,284261
"Gäste","Inland",2013,"201302",236350,227647,-0.75,3.82,284986
"Gäste","Inland",2013,"201303",280813,273549,18.81,2.66,285591
"Gäste","Inland",2013,"201304",276770,270556,-1.44,2.3,286109
"Gäste","Inland",2013,"201305",304172,290197,9.9,4.82,287274
"Gäste","Inland",2013,"201306",299656,282953,-1.48,5.9,288666
"Gäste","Inland",2013,"201307",329693,323026,10.02,2.06,289221
"Gäste","Inland",2013,"201308",286576,270266,-13.08,6.03,290581
"Gäste","Inland",2013,"201309",305645,323427,6.65,-5.5,289099
"Gäste","Inland",2013,"201310",347409,350631,13.66,-0.92,288830
"Gäste","Inland",2013,"201311",279401,288662,-19.58,-3.21,288058
"Gäste","Inland",2013,"201312",265817,272083,-4.86,-2.3,287536
"Gäste","Inland",2012,"Summe",3384020,3366867,,0.51,
"Gäste","Inland",2012,"201201",211023,232545,-18.41,-9.25,278779
"Gäste","Inland",2012,"201202",227647,227341,7.88,0.13,278804
"Gäste","Inland",2012,"201203",273549,257322,20.16,6.31,280157
"Gäste","Inland",2012,"201204",270556,265766,-1.09,1.8,280556
"Gäste","Inland",2012,"201205",290197,302292,7.26,-4,279548
"Gäste","Inland",2012,"201206",282953,279203,-2.5,1.34,279860
"Gäste","Inland",2012,"201207",323026,332724,14.16,-2.91,279052
"Gäste","Inland",2012,"201208",270266,274142,-16.33,-1.41,278729
"Gäste","Inland",2012,"201209",323427,316648,19.67,2.14,279294
"Gäste","Inland",2012,"201210",350631,334639,8.41,4.78,280627
"Gäste","Inland",2012,"201211",288662,285609,-17.67,1.07,280881
"Gäste","Inland",2012,"201212",272083,258636,-5.74,5.2,282002
"Gäste","Inland",2011,"Summe",3366867,3096303,,8.74,
"Gäste","Inland",2011,"201101",232545,183244,-4.47,26.9,262134
"Gäste","Inland",2011,"201102",227341,217023,-2.24,4.75,262994
"Gäste","Inland",2011,"201103",257322,266570,13.19,-3.47,262223
"Gäste","Inland",2011,"201104",265766,244563,3.28,8.67,263990
"Gäste","Inland",2011,"201105",302292,269399,13.74,12.21,266731
"Gäste","Inland",2011,"201106",279203,249012,-7.64,12.12,269247
"Gäste","Inland",2011,"201107",332724,292796,19.17,13.64,272574
"Gäste","Inland",2011,"201108",274142,267057,-17.61,2.65,273165
"Gäste","Inland",2011,"201109",316648,294720,15.51,7.44,274992
"Gäste","Inland",2011,"201110",334639,317358,5.68,5.45,276432
"Gäste","Inland",2011,"201111",285609,251131,-14.65,13.73,279305
"Gäste","Inland",2011,"201112",258636,243430,-9.44,6.25,280572
"Gäste","Inland",2010,"Summe",3096303,2888664,,7.19,
"Gäste","Inland",2010,"201001",183244,192663,-20.11,-4.89,239937
"Gäste","Inland",2010,"201002",217023,193300,18.43,12.27,241914
"Gäste","Inland",2010,"201003",266570,230947,22.83,15.42,244883
"Gäste","Inland",2010,"201004",244563,217400,-8.26,12.49,247146
"Gäste","Inland",2010,"201005",269399,274040,10.16,-1.69,246759
"Gäste","Inland",2010,"201006",249012,232256,-7.57,7.21,248156
"Gäste","Inland",2010,"201007",292796,280925,17.58,4.23,249145
"Gäste","Inland",2010,"201008",267057,228925,-8.79,16.66,252323
"Gäste","Inland",2010,"201009",294720,264740,10.36,11.32,254821
"Gäste","Inland",2010,"201010",317358,299687,7.68,5.9,256294
"Gäste","Inland",2010,"201011",251131,244407,-20.87,2.75,256854
"Gäste","Inland",2010,"201012",243430,229374,-3.07,6.13,258025
"Gäste","Inland",2009,"Summe",2888664,2740924,,5.39,
"Gäste","Inland",2009,"200901",192663,169346,-7.49,13.77,230353
"Gäste","Inland",2009,"200902",193300,192567,0.33,0.38,230415
"Gäste","Inland",2009,"200903",230947,206930,19.48,11.61,232416
"Gäste","Inland",2009,"200904",217400,235297,-5.87,-7.61,230925
"Gäste","Inland",2009,"200905",274040,256068,26.05,7.02,232422
"Gäste","Inland",2009,"200906",232256,238349,-15.25,-2.56,231914
"Gäste","Inland",2009,"200907",280925,251726,20.95,11.6,234348
"Gäste","Inland",2009,"200908",228925,211649,-18.51,8.16,235787
"Gäste","Inland",2009,"200909",264740,263365,15.64,0.52,235902
"Gäste","Inland",2009,"200910",299687,285810,13.2,4.86,237058
"Gäste","Inland",2009,"200911",244407,221554,-18.45,10.31,238963
"Gäste","Inland",2009,"200912",229374,208263,-6.15,10.14,240722
"Gäste","Inland",2008,"Summe",2740924,2604578,,5.23,
"Gäste","Inland",2008,"200801",169346,175149,-17.78,-3.31,216565
"Gäste","Inland",2008,"200802",192567,171230,13.71,12.46,218343
"Gäste","Inland",2008,"200803",206930,224847,7.46,-7.97,216850
"Gäste","Inland",2008,"200804",235297,189520,13.71,24.15,220664
"Gäste","Inland",2008,"200805",256068,225807,8.83,13.4,223186
"Gäste","Inland",2008,"200806",238349,218343,-6.92,9.16,224853
"Gäste","Inland",2008,"200807",251726,241106,5.61,4.4,225738
"Gäste","Inland",2008,"200808",211649,211855,-15.92,-0.1,225721
"Gäste","Inland",2008,"200809",263365,232461,24.43,13.29,228296
"Gäste","Inland",2008,"200810",285810,272388,8.52,4.93,229415
"Gäste","Inland",2008,"200811",221554,235900,-22.48,-6.08,228219
"Gäste","Inland",2008,"200812",208263,205972,-6,1.11,228410
"Gäste","Inland",2007,"Summe",2604578,2458941,,5.92,
"Gäste","Inland",2007,"200701",175149,156885,-15.57,11.64,206434
"Gäste","Inland",2007,"200702",171230,164581,-2.24,4.04,206988
"Gäste","Inland",2007,"200703",224847,210802,31.31,6.66,208158
"Gäste","Inland",2007,"200704",189520,194483,-15.71,-2.55,207745
"Gäste","Inland",2007,"200705",225807,245758,19.15,-8.12,206082
"Gäste","Inland",2007,"200706",218343,158502,-3.31,37.75,211069
"Gäste","Inland",2007,"200707",241106,222060,10.43,8.58,212656
"Gäste","Inland",2007,"200708",211855,202227,-12.13,4.76,213458
"Gäste","Inland",2007,"200709",232461,240027,9.73,-3.15,212828
"Gäste","Inland",2007,"200710",272388,254826,17.18,6.89,214291
"Gäste","Inland",2007,"200711",235900,201332,-13.4,17.17,217172
"Gäste","Inland",2007,"200712",205972,207458,-12.69,-0.72,217048
"Gäste","Inland",2006,"Summe",2458941,2412078,,1.94,
"Gäste","Inland",2006,"200601",156885,157341,-18.46,-0.29,156885
"Gäste","Inland",2006,"200602",164581,151603,4.91,8.56,160733
"Gäste","Inland",2006,"200603",210802,171700,28.08,22.77,177423
"Gäste","Inland",2006,"200604",194483,196420,-7.74,-0.99,181688
"Gäste","Inland",2006,"200605",245758,199916,26.36,22.93,194502
"Gäste","Inland",2006,"200606",158502,205901,-35.5,-23.02,188502
"Gäste","Inland",2006,"200607",222060,228480,40.1,-2.81,193296
"Gäste","Inland",2006,"200608",202227,224542,-8.93,-9.94,194412
"Gäste","Inland",2006,"200609",240027,235854,18.69,1.77,199481
"Gäste","Inland",2006,"200610",254826,241722,6.17,5.42,205015
"Gäste","Inland",2006,"200611",201332,206187,-20.99,-2.35,204680
"Gäste","Inland",2006,"200612",207458,192412,3.04,7.82,204912
"Gäste","insgesamt",2022,"Summe",1910375,3109392,,-38.56,
"Gäste","insgesamt",2022,"202201",188653,50505,-9.5,273.53,270628
"Gäste","insgesamt",2022,"202202",241605,60646,28.07,298.39,285708
"Gäste","insgesamt",2022,"202203",355137,79139,46.99,348.75,308708
"Gäste","insgesamt",2022,"202204",496131,71099,39.7,597.8,344127
"Gäste","insgesamt",2022,"202205",628849,113114,26.75,455.94,387105
"Gäste","insgesamt",2022,"202206",,235995,,,
"Gäste","insgesamt",2022,"202207",,442764,,,
"Gäste","insgesamt",2022,"202208",,501659,,,
"Gäste","insgesamt",2022,"202209",,464185,,,
"Gäste","insgesamt",2022,"202210",,544732,,,
"Gäste","insgesamt",2022,"202211",,337102,,,
"Gäste","insgesamt",2022,"202212",,208452,,,
"Gäste","insgesamt",2021,"Summe",3109392,2998695,,3.69,
"Gäste","insgesamt",2021,"202101",50505,575975,-4.96,-91.23,206102
"Gäste","insgesamt",2021,"202102",60646,570591,20.08,-89.37,163607
"Gäste","insgesamt",2021,"202103",79139,219837,30.49,-64,151882
"Gäste","insgesamt",2021,"202104",71099,29532,-10.16,140.75,155346
"Gäste","insgesamt",2021,"202105",113114,58511,59.09,93.32,159896
"Gäste","insgesamt",2021,"202106",235995,175713,108.63,34.31,164920
"Gäste","insgesamt",2021,"202107",442764,340654,87.62,29.97,173429
"Gäste","insgesamt",2021,"202108",501659,355357,13.3,41.17,185621
"Gäste","insgesamt",2021,"202109",464185,317472,-7.47,46.21,197847
"Gäste","insgesamt",2021,"202110",544732,222674,17.35,144.63,224685
"Gäste","insgesamt",2021,"202111",337102,79241,-38.12,325.41,246173
"Gäste","insgesamt",2021,"202112",208452,53138,-38.16,292.28,259116
"Gäste","insgesamt",2020,"Summe",2998695,8779864,,-65.85,
"Gäste","insgesamt",2020,"202001",575975,571689,-21.52,0.75,732013
"Gäste","insgesamt",2020,"202002",570591,575581,-0.93,-0.87,731597
"Gäste","insgesamt",2020,"202003",219837,647666,-61.47,-66.06,695944
"Gäste","insgesamt",2020,"202004",29532,715230,-86.57,-95.87,638803
"Gäste","insgesamt",2020,"202005",58511,779927,98.13,-92.5,578685
"Gäste","insgesamt",2020,"202006",175713,756813,200.31,-76.78,530260
"Gäste","insgesamt",2020,"202007",340654,910730,93.87,-62.6,482753
"Gäste","insgesamt",2020,"202008",355357,782980,4.32,-54.61,447118
"Gäste","insgesamt",2020,"202009",317472,797595,-10.66,-60.2,407108
"Gäste","insgesamt",2020,"202010",222674,815195,-29.86,-72.68,357731
"Gäste","insgesamt",2020,"202011",79241,692522,-64.41,-88.56,306624
"Gäste","insgesamt",2020,"202012",53138,733936,-32.94,-92.76,249891
"Gäste","insgesamt",2019,"Summe",8779864,8263132,,6.25,
"Gäste","insgesamt",2019,"201901",571689,530784,-15.32,7.71,692003
"Gäste","insgesamt",2019,"201902",575581,529777,0.68,8.65,695820
"Gäste","insgesamt",2019,"201903",647666,648064,12.52,-0.06,695787
"Gäste","insgesamt",2019,"201904",715230,664745,10.43,7.59,699994
"Gäste","insgesamt",2019,"201905",779927,669547,9.05,16.49,709192
"Gäste","insgesamt",2019,"201906",756813,745249,-2.96,1.55,710156
"Gäste","insgesamt",2019,"201907",910730,865572,20.34,5.22,713919
"Gäste","insgesamt",2019,"201908",782980,738883,-14.03,5.97,717594
"Gäste","insgesamt",2019,"201909",797595,764813,1.87,4.29,720326
"Gäste","insgesamt",2019,"201910",815195,767480,2.21,6.22,724302
"Gäste","insgesamt",2019,"201911",692522,663074,-15.05,4.44,726756
"Gäste","insgesamt",2019,"201912",733936,675144,5.98,8.71,731655
"Gäste","insgesamt",2018,"Summe",8263132,7613009,,8.54,
"Gäste","insgesamt",2018,"201801",530784,477945,-19.3,11.06,638821
"Gäste","insgesamt",2018,"201802",529777,502345,-0.19,5.46,641107
"Gäste","insgesamt",2018,"201803",648064,557585,22.33,16.23,648647
"Gäste","insgesamt",2018,"201804",664745,593870,2.57,11.93,654553
"Gäste","insgesamt",2018,"201805",669547,654727,0.72,2.26,655788
"Gäste","insgesamt",2018,"201806",745249,644577,11.31,15.62,664177
"Gäste","insgesamt",2018,"201807",865572,773188,16.15,11.95,671876
"Gäste","insgesamt",2018,"201808",738883,705343,-14.64,4.76,674671
"Gäste","insgesamt",2018,"201809",764813,748737,3.51,2.15,676011
"Gäste","insgesamt",2018,"201810",767480,707845,0.35,8.42,680980
"Gäste","insgesamt",2018,"201811",663074,589103,-13.6,12.56,687144
"Gäste","insgesamt",2018,"201812",675144,657744,1.82,2.65,688594
"Gäste","insgesamt",2017,"Summe",7613009,7045000,,8.06,
"Gäste","insgesamt",2017,"201701",477945,433818,-16.93,10.17,590761
"Gäste","insgesamt",2017,"201702",502345,458988,5.11,9.45,594374
"Gäste","insgesamt",2017,"201703",557585,557074,11,0.09,594416
"Gäste","insgesamt",2017,"201704",593870,603468,6.51,-1.59,593616
"Gäste","insgesamt",2017,"201705",654727,589060,10.25,11.15,599089
"Gäste","insgesamt",2017,"201706",644577,627766,-1.55,2.68,600490
"Gäste","insgesamt",2017,"201707",773188,697965,19.95,10.78,606758
"Gäste","insgesamt",2017,"201708",705343,606250,-8.77,16.35,615016
"Gäste","insgesamt",2017,"201709",748737,678220,6.15,10.4,620892
"Gäste","insgesamt",2017,"201710",707845,665852,-5.46,6.31,624392
"Gäste","insgesamt",2017,"201711",589103,551198,-16.78,6.88,627551
"Gäste","insgesamt",2017,"201712",657744,575341,11.65,14.32,634417
"Gäste","insgesamt",2016,"Summe",7045000,6951984,,1.34,
"Gäste","insgesamt",2016,"201601",433818,439130,-21.83,-1.21,578889
"Gäste","insgesamt",2016,"201602",458988,451747,5.8,1.6,579493
"Gäste","insgesamt",2016,"201603",557074,528879,21.37,5.33,581842
"Gäste","insgesamt",2016,"201604",603468,530457,8.33,13.76,587927
"Gäste","insgesamt",2016,"201605",589060,598958,-2.39,-1.65,587102
"Gäste","insgesamt",2016,"201606",627766,604074,6.57,3.92,589076
"Gäste","insgesamt",2016,"201607",697965,705136,11.18,-1.02,588479
"Gäste","insgesamt",2016,"201608",606250,683899,-13.14,-11.35,582008
"Gäste","insgesamt",2016,"201609",678220,653888,11.87,3.72,584035
"Gäste","insgesamt",2016,"201610",665852,660940,-1.82,0.74,584445
"Gäste","insgesamt",2016,"201611",551198,539902,-17.22,2.09,585386
"Gäste","insgesamt",2016,"201612",575341,554974,4.38,3.67,587083
"Gäste","insgesamt",2015,"Summe",6951984,6584336,,5.58,
"Gäste","insgesamt",2015,"201501",439130,420366,-20.7,4.46,550258
"Gäste","insgesamt",2015,"201502",451747,418070,2.87,8.06,553065
"Gäste","insgesamt",2015,"201503",528879,491468,17.07,7.61,556182
"Gäste","insgesamt",2015,"201504",530457,519816,0.3,2.05,557069
"Gäste","insgesamt",2015,"201505",598958,582306,12.91,2.86,558457
"Gäste","insgesamt",2015,"201506",604074,549709,0.85,9.89,562987
"Gäste","insgesamt",2015,"201507",705136,645648,16.73,9.21,567945
"Gäste","insgesamt",2015,"201508",683899,629926,-3.01,8.57,572442
"Gäste","insgesamt",2015,"201509",653888,622043,-4.39,5.12,575096
"Gäste","insgesamt",2015,"201510",660940,636682,1.08,3.81,577118
"Gäste","insgesamt",2015,"201511",539902,514519,-18.31,4.93,579233
"Gäste","insgesamt",2015,"201512",554974,553783,2.79,0.22,579332
"Gäste","insgesamt",2014,"Summe",6584336,6310774,,4.33,
"Gäste","insgesamt",2014,"201401",420366,410269,-16.3,2.46,526739
"Gäste","insgesamt",2014,"201402",418070,413630,-0.55,1.07,527109
"Gäste","insgesamt",2014,"201403",491468,480442,17.56,2.29,528028
"Gäste","insgesamt",2014,"201404",519816,507633,5.77,2.4,529043
"Gäste","insgesamt",2014,"201405",582306,542289,12.02,7.38,532378
"Gäste","insgesamt",2014,"201406",549709,554634,-5.6,-0.89,531968
"Gäste","insgesamt",2014,"201407",645648,617203,17.45,4.61,534338
"Gäste","insgesamt",2014,"201408",629926,583940,-2.44,7.88,538170
"Gäste","insgesamt",2014,"201409",622043,608261,-1.25,2.27,539319
"Gäste","insgesamt",2014,"201410",636682,610826,2.35,4.23,541473
"Gäste","insgesamt",2014,"201411",514519,479389,-19.19,7.33,544401
"Gäste","insgesamt",2014,"201412",553783,502258,7.63,10.26,548695
"Gäste","insgesamt",2013,"Summe",6310774,6132484,,2.91,
"Gäste","insgesamt",2013,"201301",410269,377585,-17.05,8.66,513764
"Gäste","insgesamt",2013,"201302",413630,376855,0.82,9.76,516829
"Gäste","insgesamt",2013,"201303",480442,461798,16.15,4.04,518382
"Gäste","insgesamt",2013,"201304",507633,479170,5.66,5.94,520754
"Gäste","insgesamt",2013,"201305",542289,530058,6.83,2.31,521773
"Gäste","insgesamt",2013,"201306",554634,529526,2.28,4.74,523866
"Gäste","insgesamt",2013,"201307",617203,615219,11.28,0.32,524031
"Gäste","insgesamt",2013,"201308",583940,544714,-5.39,7.2,527300
"Gäste","insgesamt",2013,"201309",608261,616920,4.16,-1.4,526578
"Gäste","insgesamt",2013,"201310",610826,618859,0.42,-1.3,525909
"Gäste","insgesamt",2013,"201311",479389,487155,-21.52,-1.59,525262
"Gäste","insgesamt",2013,"201312",502258,494625,4.77,1.54,525898
"Gäste","insgesamt",2012,"Summe",6132484,5932639,,3.37,
"Gäste","insgesamt",2012,"201201",377585,382986,-20.47,-1.41,493937
"Gäste","insgesamt",2012,"201202",376855,384851,-0.19,-2.08,493270
"Gäste","insgesamt",2012,"201203",461798,420451,22.54,9.83,496716
"Gäste","insgesamt",2012,"201204",479170,453370,3.76,5.69,498866
"Gäste","insgesamt",2012,"201205",530058,507403,10.62,4.46,500754
"Gäste","insgesamt",2012,"201206",529526,501447,-0.1,5.6,503094
"Gäste","insgesamt",2012,"201207",615219,627546,16.18,-1.96,502066
"Gäste","insgesamt",2012,"201208",544714,519113,-11.46,4.93,504200
"Gäste","insgesamt",2012,"201209",616920,622618,13.26,-0.92,503725
"Gäste","insgesamt",2012,"201210",618859,564783,0.31,9.57,508231
"Gäste","insgesamt",2012,"201211",487155,473309,-21.28,2.93,509385
"Gäste","insgesamt",2012,"201212",494625,474762,1.53,4.18,511040
"Gäste","insgesamt",2011,"Summe",5932639,5578385,,6.35,
"Gäste","insgesamt",2011,"201101",382986,301980,-13.87,26.82,471616
"Gäste","insgesamt",2011,"201102",384851,370077,0.49,3.99,472847
"Gäste","insgesamt",2011,"201103",420451,431138,9.25,-2.48,471957
"Gäste","insgesamt",2011,"201104",453370,433758,7.83,4.52,473591
"Gäste","insgesamt",2011,"201105",507403,460291,11.92,10.24,477517
"Gäste","insgesamt",2011,"201106",501447,471329,-1.17,6.39,480027
"Gäste","insgesamt",2011,"201107",627546,583862,25.15,7.48,483667
"Gäste","insgesamt",2011,"201108",519113,516629,-17.28,0.48,483874
"Gäste","insgesamt",2011,"201109",622618,598966,19.94,3.95,485845
"Gäste","insgesamt",2011,"201110",564783,542927,-9.29,4.03,487666
"Gäste","insgesamt",2011,"201111",473309,422774,-16.2,11.95,491878
"Gäste","insgesamt",2011,"201112",474762,444654,0.31,6.77,494387
"Gäste","insgesamt",2010,"Summe",5578385,4993600,,11.71,
"Gäste","insgesamt",2010,"201001",301980,311074,-27.35,-2.92,415376
"Gäste","insgesamt",2010,"201002",370077,305105,22.55,21.29,420790
"Gäste","insgesamt",2010,"201003",431138,362386,16.5,18.97,426519
"Gäste","insgesamt",2010,"201004",433758,365624,0.61,18.63,432197
"Gäste","insgesamt",2010,"201005",460291,458541,6.12,0.38,432343
"Gäste","insgesamt",2010,"201006",471329,407448,2.4,15.68,437666
"Gäste","insgesamt",2010,"201007",583862,512267,23.88,13.98,443633
"Gäste","insgesamt",2010,"201008",516629,444720,-11.52,16.17,449625
"Gäste","insgesamt",2010,"201009",598966,510541,15.94,17.32,456994
"Gäste","insgesamt",2010,"201010",542927,503860,-9.36,7.75,460249
"Gäste","insgesamt",2010,"201011",422774,396360,-22.13,6.66,462450
"Gäste","insgesamt",2010,"201012",444654,415674,5.18,6.97,464865
"Gäste","insgesamt",2009,"Summe",4993600,4834101,,3.3,
"Gäste","insgesamt",2009,"200901",311074,298725,-14.89,4.13,403871
"Gäste","insgesamt",2009,"200902",305105,323463,-1.92,-5.68,402341
"Gäste","insgesamt",2009,"200903",362386,354510,18.77,2.22,402997
"Gäste","insgesamt",2009,"200904",365624,400286,0.89,-8.66,400109
"Gäste","insgesamt",2009,"200905",458541,431465,25.41,6.28,402365
"Gäste","insgesamt",2009,"200906",407448,433359,-11.14,-5.98,400206
"Gäste","insgesamt",2009,"200907",512267,475368,25.73,7.76,403281
"Gäste","insgesamt",2009,"200908",444720,434704,-13.19,2.3,404116
"Gäste","insgesamt",2009,"200909",510541,480557,14.8,6.24,406614
"Gäste","insgesamt",2009,"200910",503860,481575,-1.31,4.63,408471
"Gäste","insgesamt",2009,"200911",396360,354584,-21.34,11.78,411953
"Gäste","insgesamt",2009,"200912",415674,365505,4.87,13.73,416133
"Gäste","insgesamt",2008,"Summe",4834101,4702502,,2.8,
"Gäste","insgesamt",2008,"200801",298725,288543,-20.6,3.53,392724
"Gäste","insgesamt",2008,"200802",323463,296259,8.28,9.18,394991
"Gäste","insgesamt",2008,"200803",354510,374409,9.6,-5.31,393332
"Gäste","insgesamt",2008,"200804",400286,360239,12.91,11.12,396670
"Gäste","insgesamt",2008,"200805",431465,391535,7.79,10.2,399997
"Gäste","insgesamt",2008,"200806",433359,402182,0.44,7.75,402595
"Gäste","insgesamt",2008,"200807",475368,461691,9.69,2.96,403735
"Gäste","insgesamt",2008,"200808",434704,434190,-8.55,0.12,403778
"Gäste","insgesamt",2008,"200809",480557,457313,10.55,5.08,405715
"Gäste","insgesamt",2008,"200810",481575,473556,0.21,1.69,406383
"Gäste","insgesamt",2008,"200811",354584,386368,-26.37,-8.23,403734
"Gäste","insgesamt",2008,"200812",365505,376217,3.08,-2.85,402842
"Gäste","insgesamt",2007,"Summe",4702502,4385341,,7.23,
"Gäste","insgesamt",2007,"200701",288543,260752,-21.93,10.66,367761
"Gäste","insgesamt",2007,"200702",296259,263461,2.67,12.45,370494
"Gäste","insgesamt",2007,"200703",374409,341225,26.38,9.72,373260
"Gäste","insgesamt",2007,"200704",360239,329576,-3.78,9.3,375815
"Gäste","insgesamt",2007,"200705",391535,406053,8.69,-3.58,374605
"Gäste","insgesamt",2007,"200706",402182,341741,2.72,17.69,379642
"Gäste","insgesamt",2007,"200707",461691,437373,14.8,5.56,381668
"Gäste","insgesamt",2007,"200708",434190,401172,-5.96,8.23,384420
"Gäste","insgesamt",2007,"200709",457313,465880,5.33,-1.84,383706
"Gäste","insgesamt",2007,"200710",473556,426656,3.55,10.99,387614
"Gäste","insgesamt",2007,"200711",386368,341873,-18.41,13.02,391322
"Gäste","insgesamt",2007,"200712",376217,369579,-2.63,1.8,391875
"Gäste","insgesamt",2006,"Summe",4385341,4162611,,5.35,
"Gäste","insgesamt",2006,"200601",260752,247467,-20.34,5.37,260752
"Gäste","insgesamt",2006,"200602",263461,258242,1.04,2.02,262107
"Gäste","insgesamt",2006,"200603",341225,285876,29.52,19.36,288479
"Gäste","insgesamt",2006,"200604",329576,332340,-3.41,-0.83,298754
"Gäste","insgesamt",2006,"200605",406053,332721,23.2,22.04,320213
"Gäste","insgesamt",2006,"200606",341741,370719,-15.84,-7.82,323801
"Gäste","insgesamt",2006,"200607",437373,424374,27.98,3.06,340026
"Gäste","insgesamt",2006,"200608",401172,415702,-8.28,-3.5,347669
"Gäste","insgesamt",2006,"200609",465880,441371,16.13,5.55,360804
"Gäste","insgesamt",2006,"200610",426656,400247,-8.42,6.6,367389
"Gäste","insgesamt",2006,"200611",341873,326221,-19.87,4.8,365069
"Gäste","insgesamt",2006,"200612",369579,327331,8.1,12.91,365445
"Übernachtungen","Ausland",2022,"Summe",1627870,2393067,,-31.98,
"Übernachtungen","Ausland",2022,"202201",161125,53870,-23.36,199.1,208360
"Übernachtungen","Ausland",2022,"202202",202497,58758,25.68,244.63,220338
"Übernachtungen","Ausland",2022,"202203",298195,65654,47.26,354.19,239717
"Übernachtungen","Ausland",2022,"202204",428083,61901,43.56,591.56,270232
"Übernachtungen","Ausland",2022,"202205",537970,78663,25.67,583.89,308508
"Übernachtungen","Ausland",2022,"202206",,137350,,,
"Übernachtungen","Ausland",2022,"202207",,296318,,,
"Übernachtungen","Ausland",2022,"202208",,359702,,,
"Übernachtungen","Ausland",2022,"202209",,339004,,,
"Übernachtungen","Ausland",2022,"202210",,425436,,,
"Übernachtungen","Ausland",2022,"202211",,306175,,,
"Übernachtungen","Ausland",2022,"202212",,210236,,,
"Übernachtungen","Ausland",2021,"Summe",2393067,2242209,,6.73,
"Übernachtungen","Ausland",2021,"202101",53870,568724,3.27,-90.53,143946
"Übernachtungen","Ausland",2021,"202102",58758,477967,9.07,-87.71,109012
"Übernachtungen","Ausland",2021,"202103",65654,179904,11.74,-63.51,99491
"Übernachtungen","Ausland",2021,"202104",61901,30043,-5.72,106.04,102146
"Übernachtungen","Ausland",2021,"202105",78663,38780,27.08,102.84,105470
"Übernachtungen","Ausland",2021,"202106",137350,82400,74.61,66.69,110049
"Übernachtungen","Ausland",2021,"202107",296318,196269,115.74,50.98,118386
"Übernachtungen","Ausland",2021,"202108",359702,218400,21.39,64.7,130162
"Übernachtungen","Ausland",2021,"202109",339004,180744,-5.75,87.56,143350
"Übernachtungen","Ausland",2021,"202110",425436,154302,25.5,175.72,165944
"Übernachtungen","Ausland",2021,"202111",306175,62514,-28.03,389.77,186249
"Übernachtungen","Ausland",2021,"202112",210236,52162,-31.33,303.04,199422
"Übernachtungen","Ausland",2020,"Summe",2242209,8764397,,-74.42,
"Übernachtungen","Ausland",2020,"202001",568724,518611,-27.97,9.66,734543
"Übernachtungen","Ausland",2020,"202002",477967,505592,-15.96,-5.46,732240
"Übernachtungen","Ausland",2020,"202003",179904,565822,-62.36,-68.2,700081
"Übernachtungen","Ausland",2020,"202004",30043,720370,-83.3,-95.83,642553
"Übernachtungen","Ausland",2020,"202005",38780,744083,29.08,-94.79,583778
"Übernachtungen","Ausland",2020,"202006",82400,748087,112.48,-88.99,528304
"Übernachtungen","Ausland",2020,"202007",196269,947825,138.19,-79.29,465675
"Übernachtungen","Ausland",2020,"202008",218400,912865,11.28,-76.08,407802
"Übernachtungen","Ausland",2020,"202009",180744,880959,-17.24,-79.48,349451
"Übernachtungen","Ausland",2020,"202010",154302,813676,-14.63,-81.04,294503
"Übernachtungen","Ausland",2020,"202011",62514,616988,-59.49,-89.87,248297
"Übernachtungen","Ausland",2020,"202012",52162,789519,-16.56,-93.39,186851
"Übernachtungen","Ausland",2019,"Summe",8764397,8334803,,5.15,
"Übernachtungen","Ausland",2019,"201901",518611,515632,-27.71,0.58,694815
"Übernachtungen","Ausland",2019,"201902",505592,448442,-2.51,12.74,699578
"Übernachtungen","Ausland",2019,"201903",565822,562944,11.91,0.51,699818
"Übernachtungen","Ausland",2019,"201904",720370,649566,27.31,10.9,705718
"Übernachtungen","Ausland",2019,"201905",744083,677562,3.29,9.82,711261
"Übernachtungen","Ausland",2019,"201906",748087,715333,0.54,4.58,713991
"Übernachtungen","Ausland",2019,"201907",947825,904374,26.7,4.8,717612
"Übernachtungen","Ausland",2019,"201908",912865,904120,-3.69,0.97,718340
"Übernachtungen","Ausland",2019,"201909",880959,870785,-3.5,1.17,719188
"Übernachtungen","Ausland",2019,"201910",813676,768206,-7.64,5.92,722977
"Übernachtungen","Ausland",2019,"201911",616988,600396,-24.17,2.76,724360
"Übernachtungen","Ausland",2019,"201912",789519,717443,27.96,10.05,730366
"Übernachtungen","Ausland",2018,"Summe",8334803,7505723,,11.05,
"Übernachtungen","Ausland",2018,"201801",515632,411089,-25.47,25.43,634189
"Übernachtungen","Ausland",2018,"201802",448442,444769,-13.03,0.83,634495
"Übernachtungen","Ausland",2018,"201803",562944,463099,25.53,21.56,642815
"Übernachtungen","Ausland",2018,"201804",649566,557977,15.39,16.41,650448
"Übernachtungen","Ausland",2018,"201805",677562,603095,4.31,12.35,656653
"Übernachtungen","Ausland",2018,"201806",715333,589585,5.57,21.33,667132
"Übernachtungen","Ausland",2018,"201807",904374,802874,26.43,12.64,675591
"Übernachtungen","Ausland",2018,"201808",904120,846592,-0.03,6.8,680385
"Übernachtungen","Ausland",2018,"201809",870785,894330,-3.69,-2.63,678423
"Übernachtungen","Ausland",2018,"201810",768206,669373,-11.78,14.77,686659
"Übernachtungen","Ausland",2018,"201811",600396,531091,-21.84,13.05,692434
"Übernachtungen","Ausland",2018,"201812",717443,691849,19.49,3.7,694567
"Übernachtungen","Ausland",2017,"Summe",7505723,6721143,,11.67,
"Übernachtungen","Ausland",2017,"201701",411089,440783,-26.51,-6.74,557621
"Übernachtungen","Ausland",2017,"201702",444769,390905,8.19,13.78,562109
"Übernachtungen","Ausland",2017,"201703",463099,485719,4.12,-4.66,560224
"Übernachtungen","Ausland",2017,"201704",557977,575314,20.49,-3.01,558780
"Übernachtungen","Ausland",2017,"201705",603095,555800,8.09,8.51,562721
"Übernachtungen","Ausland",2017,"201706",589585,586291,-2.24,0.56,562995
"Übernachtungen","Ausland",2017,"201707",802874,692973,36.18,15.86,572154
"Übernachtungen","Ausland",2017,"201708",846592,677346,5.45,24.99,586258
"Übernachtungen","Ausland",2017,"201709",894330,718775,5.64,24.42,600887
"Übernachtungen","Ausland",2017,"201710",669373,573000,-25.15,16.82,608918
"Übernachtungen","Ausland",2017,"201711",531091,464839,-20.66,14.25,614439
"Übernachtungen","Ausland",2017,"201712",691849,559398,30.27,23.68,625477
"Übernachtungen","Ausland",2016,"Summe",6721143,6974615,,-3.63,
"Übernachtungen","Ausland",2016,"201601",440783,419927,-22.27,4.97,582956
"Übernachtungen","Ausland",2016,"201602",390905,418815,-11.32,-6.66,580630
"Übernachtungen","Ausland",2016,"201603",485719,459403,24.25,5.73,582823
"Übernachtungen","Ausland",2016,"201604",575314,510134,18.45,12.78,588255
"Übernachtungen","Ausland",2016,"201605",555800,586872,-3.39,-5.29,585665
"Übernachtungen","Ausland",2016,"201606",586291,583696,5.49,0.44,585882
"Übernachtungen","Ausland",2016,"201607",692973,740025,18.2,-6.36,581961
"Übernachtungen","Ausland",2016,"201608",677346,826184,-2.26,-18.02,569558
"Übernachtungen","Ausland",2016,"201609",718775,758154,6.12,-5.19,566276
"Übernachtungen","Ausland",2016,"201610",573000,634544,-20.28,-9.7,561147
"Übernachtungen","Ausland",2016,"201611",464839,469777,-18.88,-1.05,560736
"Übernachtungen","Ausland",2016,"201612",559398,567084,20.34,-1.36,560095
"Übernachtungen","Ausland",2015,"Summe",6974615,6648043,,4.91,
"Übernachtungen","Ausland",2015,"201501",419927,433924,-25.84,-3.23,552837
"Übernachtungen","Ausland",2015,"201502",418815,353342,-0.26,18.53,558293
"Übernachtungen","Ausland",2015,"201503",459403,446618,9.69,2.86,559359
"Übernachtungen","Ausland",2015,"201504",510134,514707,11.04,-0.89,558978
"Übernachtungen","Ausland",2015,"201505",586872,599011,15.04,-2.03,557966
"Übernachtungen","Ausland",2015,"201506",583696,566991,-0.54,2.95,559358
"Übernachtungen","Ausland",2015,"201507",740025,648640,26.78,14.09,566974
"Übernachtungen","Ausland",2015,"201508",826184,776103,11.64,6.45,571147
"Übernachtungen","Ausland",2015,"201509",758154,677608,-8.23,11.89,577859
"Übernachtungen","Ausland",2015,"201510",634544,595144,-16.3,6.62,581142
"Übernachtungen","Ausland",2015,"201511",469777,469723,-25.97,0.01,581147
"Übernachtungen","Ausland",2015,"201512",567084,566232,20.71,0.15,581218
"Übernachtungen","Ausland",2014,"Summe",6648043,6332883,,4.98,
"Übernachtungen","Ausland",2014,"201401",433924,371661,-16.46,16.75,532929
"Übernachtungen","Ausland",2014,"201402",353342,378036,-18.57,-6.53,530871
"Übernachtungen","Ausland",2014,"201403",446618,430928,26.4,3.64,532179
"Übernachtungen","Ausland",2014,"201404",514707,518258,15.25,-0.69,531883
"Übernachtungen","Ausland",2014,"201405",599011,531105,16.38,12.79,537541
"Übernachtungen","Ausland",2014,"201406",566991,563279,-5.35,0.66,537851
"Übernachtungen","Ausland",2014,"201407",648640,618085,14.4,4.94,540397
"Übernachtungen","Ausland",2014,"201408",776103,699022,19.65,11.03,546820
"Übernachtungen","Ausland",2014,"201409",677608,668974,-12.69,1.29,547540
"Übernachtungen","Ausland",2014,"201410",595144,590122,-12.17,0.85,547958
"Übernachtungen","Ausland",2014,"201411",469723,444018,-21.07,5.79,550101
"Übernachtungen","Ausland",2014,"201412",566232,519395,20.55,9.02,554004
"Übernachtungen","Ausland",2013,"Summe",6332883,5918351,,7,
"Übernachtungen","Ausland",2013,"201301",371661,364601,-24.55,1.94,493784
"Übernachtungen","Ausland",2013,"201302",378036,312977,1.72,20.79,499206
"Übernachtungen","Ausland",2013,"201303",430928,396194,13.99,8.77,502100
"Übernachtungen","Ausland",2013,"201304",518258,443502,20.27,16.86,508330
"Übernachtungen","Ausland",2013,"201305",531105,502550,2.48,5.68,510710
"Übernachtungen","Ausland",2013,"201306",563279,538595,6.06,4.58,512767
"Übernachtungen","Ausland",2013,"201307",618085,649719,9.73,-4.87,510130
"Übernachtungen","Ausland",2013,"201308",699022,601744,13.09,16.17,518237
"Übernachtungen","Ausland",2013,"201309",668974,626941,-4.3,6.7,521740
"Übernachtungen","Ausland",2013,"201310",590122,561556,-11.79,5.09,524120
"Übernachtungen","Ausland",2013,"201311",444018,427365,-24.76,3.9,525508
"Übernachtungen","Ausland",2013,"201312",519395,492607,16.98,5.44,527740
"Übernachtungen","Ausland",2012,"Summe",5918351,5450194,,8.59,
"Übernachtungen","Ausland",2012,"201201",364601,311396,-21.14,17.09,458617
"Übernachtungen","Ausland",2012,"201202",312977,334742,-14.16,-6.5,456803
"Übernachtungen","Ausland",2012,"201203",396194,341392,26.59,16.05,461370
"Übernachtungen","Ausland",2012,"201204",443502,399052,11.94,11.14,465074
"Übernachtungen","Ausland",2012,"201205",502550,433429,13.31,15.95,470834
"Übernachtungen","Ausland",2012,"201206",538595,474844,7.17,13.43,476147
"Übernachtungen","Ausland",2012,"201207",649719,647187,20.63,0.39,476358
"Übernachtungen","Ausland",2012,"201208",601744,521909,-7.38,15.3,483010
"Übernachtungen","Ausland",2012,"201209",626941,631675,4.19,-0.75,482616
"Übernachtungen","Ausland",2012,"201210",561556,501713,-10.43,11.93,487603
"Übernachtungen","Ausland",2012,"201211",427365,390535,-23.9,9.43,490672
"Übernachtungen","Ausland",2012,"201212",492607,462320,15.27,6.55,493196
"Übernachtungen","Ausland",2011,"Summe",5450194,5259897,,3.62,
"Übernachtungen","Ausland",2011,"201101",311396,250805,-26.27,24.16,443374
"Übernachtungen","Ausland",2011,"201102",334742,314076,7.5,6.58,445096
"Übernachtungen","Ausland",2011,"201103",341392,334057,1.99,2.2,445707
"Übernachtungen","Ausland",2011,"201104",399052,409284,16.89,-2.5,444855
"Übernachtungen","Ausland",2011,"201105",433429,399699,8.61,8.44,447666
"Übernachtungen","Ausland",2011,"201106",474844,475046,9.56,-0.04,447649
"Übernachtungen","Ausland",2011,"201107",647187,649631,36.29,-0.38,447445
"Übernachtungen","Ausland",2011,"201108",521909,532416,-19.36,-1.97,446570
"Übernachtungen","Ausland",2011,"201109",631675,623179,21.03,1.36,447278
"Übernachtungen","Ausland",2011,"201110",501713,479277,-20.57,4.68,449147
"Übernachtungen","Ausland",2011,"201111",390535,370083,-22.16,5.53,450852
"Übernachtungen","Ausland",2011,"201112",462320,422344,18.38,9.47,454183
"Übernachtungen","Ausland",2010,"Summe",5259897,4440309,,18.46,
"Übernachtungen","Ausland",2010,"201001",250805,253738,-35.49,-1.16,369781
"Übernachtungen","Ausland",2010,"201002",314076,247333,25.23,26.99,375343
"Übernachtungen","Ausland",2010,"201003",334057,281350,6.36,18.73,379736
"Übernachtungen","Ausland",2010,"201004",409284,314872,22.52,29.98,387603
"Übernachtungen","Ausland",2010,"201005",399699,379421,-2.34,5.34,389293
"Übernachtungen","Ausland",2010,"201006",475046,355479,18.85,33.64,399257
"Übernachtungen","Ausland",2010,"201007",649631,503256,36.75,29.09,411455
"Übernachtungen","Ausland",2010,"201008",532416,468071,-18.04,13.75,416817
"Übernachtungen","Ausland",2010,"201009",623179,510490,17.05,22.07,426208
"Übernachtungen","Ausland",2010,"201010",479277,429060,-23.09,11.7,430392
"Übernachtungen","Ausland",2010,"201011",370083,308450,-22.78,19.98,435529
"Übernachtungen","Ausland",2010,"201012",422344,388789,14.12,8.63,438325
"Übernachtungen","Ausland",2009,"Summe",4440309,4563406,,-2.7,
"Übernachtungen","Ausland",2009,"200901",253738,280784,-26.52,-9.63,378030
"Übernachtungen","Ausland",2009,"200902",247333,266620,-2.52,-7.23,376423
"Übernachtungen","Ausland",2009,"200903",281350,308313,13.75,-8.75,374176
"Übernachtungen","Ausland",2009,"200904",314872,347468,11.91,-9.38,371460
"Übernachtungen","Ausland",2009,"200905",379421,368058,20.5,3.09,372406
"Übernachtungen","Ausland",2009,"200906",355479,403471,-6.31,-11.89,368407
"Übernachtungen","Ausland",2009,"200907",503256,511395,41.57,-1.59,367729
"Übernachtungen","Ausland",2009,"200908",468071,535031,-6.99,-12.52,362149
"Übernachtungen","Ausland",2009,"200909",510490,481079,9.06,6.11,364600
"Übernachtungen","Ausland",2009,"200910",429060,420007,-15.95,2.16,365354
"Übernachtungen","Ausland",2009,"200911",308450,295855,-28.11,4.26,366404
"Übernachtungen","Ausland",2009,"200912",388789,345325,26.05,12.59,370026
"Übernachtungen","Ausland",2008,"Summe",4563406,4521074,,0.94,
"Übernachtungen","Ausland",2008,"200801",280784,235603,-22.69,19.18,380521
"Übernachtungen","Ausland",2008,"200802",266620,266434,-5.04,0.07,380537
"Übernachtungen","Ausland",2008,"200803",308313,309237,15.64,-0.3,380460
"Übernachtungen","Ausland",2008,"200804",347468,390581,12.7,-11.04,376867
"Übernachtungen","Ausland",2008,"200805",368058,339020,5.93,8.57,379287
"Übernachtungen","Ausland",2008,"200806",403471,381454,9.62,5.77,381122
"Übernachtungen","Ausland",2008,"200807",511395,477733,26.75,7.05,383927
"Übernachtungen","Ausland",2008,"200808",535031,529456,4.62,1.05,384391
"Übernachtungen","Ausland",2008,"200809",481079,503716,-10.08,-4.49,382505
"Übernachtungen","Ausland",2008,"200810",420007,418152,-12.69,0.44,382660
"Übernachtungen","Ausland",2008,"200811",295855,306519,-29.56,-3.48,381771
"Übernachtungen","Ausland",2008,"200812",345325,363169,16.72,-4.91,380284
"Übernachtungen","Ausland",2007,"Summe",4521074,4176930,,8.24,
"Übernachtungen","Ausland",2007,"200701",235603,230095,-29.52,2.39,348537
"Übernachtungen","Ausland",2007,"200702",266434,207527,13.09,28.39,353445
"Übernachtungen","Ausland",2007,"200703",309237,273396,16.07,13.11,356432
"Übernachtungen","Ausland",2007,"200704",390581,290879,26.3,34.28,364741
"Übernachtungen","Ausland",2007,"200705",339020,341915,-13.2,-0.85,364499
"Übernachtungen","Ausland",2007,"200706",381454,417737,12.52,-8.69,361476
"Übernachtungen","Ausland",2007,"200707",477733,476406,25.24,0.28,361586
"Übernachtungen","Ausland",2007,"200708",529456,457733,10.83,15.67,367563
"Übernachtungen","Ausland",2007,"200709",503716,482614,-4.86,4.37,369322
"Übernachtungen","Ausland",2007,"200710",418152,368685,-16.99,13.42,373444
"Übernachtungen","Ausland",2007,"200711",306519,295655,-26.7,3.67,374349
"Übernachtungen","Ausland",2007,"200712",363169,334288,18.48,8.64,376756
"Übernachtungen","Ausland",2006,"Summe",4176930,3771518,,10.75,
"Übernachtungen","Ausland",2006,"200601",230095,193784,-19.26,18.74,230095
"Übernachtungen","Ausland",2006,"200602",207527,232392,-9.81,-10.7,218811
"Übernachtungen","Ausland",2006,"200603",273396,241684,31.74,13.12,237006
"Übernachtungen","Ausland",2006,"200604",290879,289639,6.39,0.43,250474
"Übernachtungen","Ausland",2006,"200605",341915,275754,17.55,23.99,268762
"Übernachtungen","Ausland",2006,"200606",417737,361126,22.18,15.68,293592
"Übernachtungen","Ausland",2006,"200607",476406,417422,14.04,14.13,319708
"Übernachtungen","Ausland",2006,"200608",457733,443617,-3.92,3.18,336961
"Übernachtungen","Ausland",2006,"200609",482614,444056,5.44,8.68,353145
"Übernachtungen","Ausland",2006,"200610",368685,339260,-23.61,8.67,354699
"Übernachtungen","Ausland",2006,"200611",295655,247810,-19.81,19.31,349331
"Übernachtungen","Ausland",2006,"200612",334288,284974,13.07,17.3,348078
"Übernachtungen","Inland",2022,"Summe",2965346,5558350,,-46.65,
"Übernachtungen","Inland",2022,"202201",346077,136796,-4.57,152.99,480636
"Übernachtungen","Inland",2022,"202202",397350,156192,14.82,154.4,500732
"Übernachtungen","Inland",2022,"202203",563766,208795,41.88,170.01,530313
"Übernachtungen","Inland",2022,"202204",750788,189365,33.17,296.48,577099
"Übernachtungen","Inland",2022,"202205",907365,258724,20.86,250.71,631152
"Übernachtungen","Inland",2022,"202206",,443290,,,
"Übernachtungen","Inland",2022,"202207",,720630,,,
"Übernachtungen","Inland",2022,"202208",,877444,,,
"Übernachtungen","Inland",2022,"202209",,785858,,,
"Übernachtungen","Inland",2022,"202210",,872500,,,
"Übernachtungen","Inland",2022,"202211",,546115,,,
"Übernachtungen","Inland",2022,"202212",,362641,,,
"Übernachtungen","Inland",2021,"Summe",5558350,4817158,,15.39,
"Übernachtungen","Inland",2021,"202101",136796,649044,-14.04,-78.92,358743
"Übernachtungen","Inland",2021,"202102",156192,671556,14.18,-76.74,315796
"Übernachtungen","Inland",2021,"202103",208795,322955,33.68,-35.35,306282
"Übernachtungen","Inland",2021,"202104",189365,102482,-9.31,84.78,313522
"Übernachtungen","Inland",2021,"202105",258724,156958,36.63,64.84,322003
"Übernachtungen","Inland",2021,"202106",443290,336291,71.34,31.82,330920
"Übernachtungen","Inland",2021,"202107",720630,591291,62.56,21.87,341698
"Übernachtungen","Inland",2021,"202108",877444,622974,21.76,40.85,362904
"Übernachtungen","Inland",2021,"202109",785858,564393,-10.44,39.24,381359
"Übernachtungen","Inland",2021,"202110",872500,429664,11.03,103.07,418262
"Übernachtungen","Inland",2021,"202111",546115,210413,-37.41,159.54,446237
"Übernachtungen","Inland",2021,"202112",362641,159137,-33.6,127.88,463196
"Übernachtungen","Inland",2020,"Summe",4817158,9498183,,-49.28,
"Übernachtungen","Inland",2020,"202001",649044,646671,-14.91,0.37,791713
"Übernachtungen","Inland",2020,"202002",671556,624080,3.47,7.61,795669
"Übernachtungen","Inland",2020,"202003",322955,730285,-51.91,-55.78,761725
"Übernachtungen","Inland",2020,"202004",102482,826252,-68.27,-87.6,701411
"Übernachtungen","Inland",2020,"202005",156958,834808,53.16,-81.2,644924
"Übernachtungen","Inland",2020,"202006",336291,822733,114.26,-59.13,604387
"Übernachtungen","Inland",2020,"202007",591291,949391,75.83,-37.72,574545
"Übernachtungen","Inland",2020,"202008",622974,808103,5.36,-22.91,559118
"Übernachtungen","Inland",2020,"202009",564393,801305,-9.4,-29.57,539375
"Übernachtungen","Inland",2020,"202010",429664,899927,-23.87,-52.26,500186
"Übernachtungen","Inland",2020,"202011",210413,791860,-51.03,-73.43,451732
"Übernachtungen","Inland",2020,"202012",159137,762768,-24.37,-79.14,401430
"Übernachtungen","Inland",2019,"Summe",9498183,8755089,,8.49,
"Übernachtungen","Inland",2019,"201901",646671,554406,-5.51,16.64,737280
"Übernachtungen","Inland",2019,"201902",624080,576716,-3.49,8.21,741227
"Übernachtungen","Inland",2019,"201903",730285,723998,17.02,0.87,741750
"Übernachtungen","Inland",2019,"201904",826252,717023,13.14,15.23,750853
"Übernachtungen","Inland",2019,"201905",834808,727712,1.04,14.72,759778
"Übernachtungen","Inland",2019,"201906",822733,790856,-1.45,4.03,762434
"Übernachtungen","Inland",2019,"201907",949391,916399,15.39,3.6,765183
"Übernachtungen","Inland",2019,"201908",808103,743423,-14.88,8.7,770573
"Übernachtungen","Inland",2019,"201909",801305,753451,-0.84,6.35,774561
"Übernachtungen","Inland",2019,"201910",899927,835602,12.31,7.7,779922
"Übernachtungen","Inland",2019,"201911",791860,731146,-12.01,8.3,784981
"Übernachtungen","Inland",2019,"201912",762768,684357,-3.67,11.46,791515
"Übernachtungen","Inland",2018,"Summe",8755089,7767394,,12.72,
"Übernachtungen","Inland",2018,"201801",554406,517969,-14.55,7.03,650319
"Übernachtungen","Inland",2018,"201802",576716,506081,4.02,13.96,656206
"Übernachtungen","Inland",2018,"201803",723998,592031,25.54,22.29,667203
"Übernachtungen","Inland",2018,"201804",717023,606945,-0.96,18.14,676376
"Übernachtungen","Inland",2018,"201805",727712,665714,1.49,9.31,681542
"Übernachtungen","Inland",2018,"201806",790856,652301,8.68,21.24,693089
"Übernachtungen","Inland",2018,"201807",916399,772537,15.87,18.62,705077
"Übernachtungen","Inland",2018,"201808",743423,705114,-18.88,5.43,708270
"Übernachtungen","Inland",2018,"201809",753451,678793,1.35,11,714491
"Übernachtungen","Inland",2018,"201810",835602,782923,10.9,6.73,718881
"Übernachtungen","Inland",2018,"201811",731146,638188,-12.5,14.57,726628
"Übernachtungen","Inland",2018,"201812",684357,648798,-6.4,5.48,729591
"Übernachtungen","Inland",2017,"Summe",7767394,7305963,,6.32,
"Übernachtungen","Inland",2017,"201701",517969,447768,-8.77,15.68,614680
"Übernachtungen","Inland",2017,"201702",506081,498458,-2.3,1.53,615316
"Übernachtungen","Inland",2017,"201703",592031,626809,16.98,-5.55,612417
"Übernachtungen","Inland",2017,"201704",606945,647616,2.52,-6.28,609028
"Übernachtungen","Inland",2017,"201705",665714,642357,9.68,3.64,610975
"Übernachtungen","Inland",2017,"201706",652301,632173,-2.01,3.18,612652
"Übernachtungen","Inland",2017,"201707",772537,698145,18.43,10.66,618851
"Übernachtungen","Inland",2017,"201708",705114,602267,-8.73,17.08,627422
"Übernachtungen","Inland",2017,"201709",678793,622562,-3.73,9.03,632108
"Übernachtungen","Inland",2017,"201710",782923,734204,15.34,6.64,636168
"Übernachtungen","Inland",2017,"201711",638188,585814,-18.49,8.94,640532
"Übernachtungen","Inland",2017,"201712",648798,567790,1.66,14.27,647283
"Übernachtungen","Inland",2016,"Summe",7305963,7081353,,3.17,
"Übernachtungen","Inland",2016,"201601",447768,474302,-16.13,-5.59,587902
"Übernachtungen","Inland",2016,"201602",498458,475267,11.32,4.88,589834
"Übernachtungen","Inland",2016,"201603",626809,569454,25.75,10.07,594614
"Übernachtungen","Inland",2016,"201604",647616,556456,3.32,16.38,602210
"Übernachtungen","Inland",2016,"201605",642357,634151,-0.81,1.29,602894
"Übernachtungen","Inland",2016,"201606",632173,633192,-1.59,-0.16,602809
"Übernachtungen","Inland",2016,"201607",698145,692820,10.44,0.77,603253
"Übernachtungen","Inland",2016,"201608",602267,654440,-13.73,-7.97,598905
"Übernachtungen","Inland",2016,"201609",622562,592824,3.37,5.02,601384
"Übernachtungen","Inland",2016,"201610",734204,692642,17.93,6,604847
"Übernachtungen","Inland",2016,"201611",585814,571901,-20.21,2.43,606006
"Übernachtungen","Inland",2016,"201612",567790,533904,-3.08,6.35,608830
"Übernachtungen","Inland",2015,"Summe",7081353,6782330,,4.41,
"Übernachtungen","Inland",2015,"201501",474302,425605,-12.61,11.44,569252
"Übernachtungen","Inland",2015,"201502",475267,450997,0.2,5.38,571275
"Übernachtungen","Inland",2015,"201503",569454,525918,19.82,8.28,574903
"Übernachtungen","Inland",2015,"201504",556456,558024,-2.28,-0.28,574772
"Übernachtungen","Inland",2015,"201505",634151,600507,13.96,5.6,577576
"Übernachtungen","Inland",2015,"201506",633192,572127,-0.15,10.67,582665
"Übernachtungen","Inland",2015,"201507",692820,649032,9.42,6.75,586314
"Übernachtungen","Inland",2015,"201508",654440,635578,-5.54,2.97,587885
"Übernachtungen","Inland",2015,"201509",592824,591139,-9.42,0.29,588026
"Übernachtungen","Inland",2015,"201510",692642,681834,16.84,1.59,588926
"Übernachtungen","Inland",2015,"201511",571901,548817,-17.43,4.21,590850
"Übernachtungen","Inland",2015,"201512",533904,542752,-6.64,-1.63,590113
"Übernachtungen","Inland",2014,"Summe",6782330,6573434,,3.18,
"Übernachtungen","Inland",2014,"201401",425605,452636,-11.49,-5.97,545534
"Übernachtungen","Inland",2014,"201402",450997,443808,5.97,1.62,546133
"Übernachtungen","Inland",2014,"201403",525918,537522,16.61,-2.16,545166
"Übernachtungen","Inland",2014,"201404",558024,541895,6.1,2.98,546510
"Übernachtungen","Inland",2014,"201405",600507,584916,7.61,2.67,547809
"Übernachtungen","Inland",2014,"201406",572127,567666,-4.73,0.79,548181
"Übernachtungen","Inland",2014,"201407",649032,633297,13.44,2.48,549492
"Übernachtungen","Inland",2014,"201408",635578,589291,-2.07,7.85,553349
"Übernachtungen","Inland",2014,"201409",591139,570902,-6.99,3.54,555036
"Übernachtungen","Inland",2014,"201410",681834,653159,15.34,4.39,557425
"Übernachtungen","Inland",2014,"201411",548817,517498,-19.51,6.05,560035
"Übernachtungen","Inland",2014,"201412",542752,480844,-1.11,12.87,565194
"Übernachtungen","Inland",2013,"Summe",6573434,6454021,,1.85,
"Übernachtungen","Inland",2013,"201301",452636,393814,-10.95,14.94,542737
"Übernachtungen","Inland",2013,"201302",443808,417339,-1.95,6.34,544943
"Übernachtungen","Inland",2013,"201303",537522,507733,21.12,5.87,547425
"Übernachtungen","Inland",2013,"201304",541895,523524,0.81,3.51,548956
"Übernachtungen","Inland",2013,"201305",584916,568070,7.94,2.97,550360
"Übernachtungen","Inland",2013,"201306",567666,544589,-2.95,4.24,552283
"Übernachtungen","Inland",2013,"201307",633297,631352,11.56,0.31,552445
"Übernachtungen","Inland",2013,"201308",589291,559492,-6.95,5.33,554928
"Übernachtungen","Inland",2013,"201309",570902,622167,-3.12,-8.24,550656
"Übernachtungen","Inland",2013,"201310",653159,649401,14.41,0.58,550969
"Übernachtungen","Inland",2013,"201311",517498,528260,-20.77,-2.04,550073
"Übernachtungen","Inland",2013,"201312",480844,508280,-7.08,-5.4,547786
"Übernachtungen","Inland",2012,"Summe",6454021,6293845,,2.54,
"Übernachtungen","Inland",2012,"201201",393814,426519,-15.99,-7.67,521762
"Übernachtungen","Inland",2012,"201202",417339,409746,5.97,1.85,522394
"Übernachtungen","Inland",2012,"201203",507733,471993,21.66,7.57,525373
"Übernachtungen","Inland",2012,"201204",523524,504928,3.11,3.68,526922
"Übernachtungen","Inland",2012,"201205",568070,561914,8.51,1.1,527435
"Übernachtungen","Inland",2012,"201206",544589,550860,-4.13,-1.14,526913
"Übernachtungen","Inland",2012,"201207",631352,630672,15.93,0.11,526970
"Übernachtungen","Inland",2012,"201208",559492,547217,-11.38,2.24,527992
"Übernachtungen","Inland",2012,"201209",622167,570937,11.2,8.97,532262
"Übernachtungen","Inland",2012,"201210",649401,638966,4.38,1.63,533131
"Übernachtungen","Inland",2012,"201211",528260,511310,-18.65,3.32,534544
"Übernachtungen","Inland",2012,"201212",508280,468783,-3.78,8.43,537835
"Übernachtungen","Inland",2011,"Summe",6293845,5896635,,6.74,
"Übernachtungen","Inland",2011,"201101",426519,340110,-0.28,25.41,498587
"Übernachtungen","Inland",2011,"201102",409746,397881,-3.93,2.98,499576
"Übernachtungen","Inland",2011,"201103",471993,488154,15.19,-3.31,498229
"Übernachtungen","Inland",2011,"201104",504928,474447,6.98,6.42,500769
"Übernachtungen","Inland",2011,"201105",561914,558476,11.29,0.62,501056
"Übernachtungen","Inland",2011,"201106",550860,491751,-1.97,12.02,505981
"Übernachtungen","Inland",2011,"201107",630672,568105,14.49,11.01,511195
"Übernachtungen","Inland",2011,"201108",547217,528346,-13.23,3.57,512768
"Übernachtungen","Inland",2011,"201109",570937,562235,4.33,1.55,513493
"Übernachtungen","Inland",2011,"201110",638966,600884,11.92,6.34,516667
"Übernachtungen","Inland",2011,"201111",511310,458534,-19.98,11.51,521065
"Übernachtungen","Inland",2011,"201112",468783,427712,-8.32,9.6,524487
"Übernachtungen","Inland",2010,"Summe",5896635,5481694,,7.57,
"Übernachtungen","Inland",2010,"201001",340110,369936,-18.04,-8.06,454322
"Übernachtungen","Inland",2010,"201002",397881,356850,16.99,11.5,457742
"Übernachtungen","Inland",2010,"201003",488154,428009,22.69,14.05,462754
"Übernachtungen","Inland",2010,"201004",474447,426662,-2.81,11.2,466736
"Übernachtungen","Inland",2010,"201005",558476,532300,17.71,4.92,468917
"Übernachtungen","Inland",2010,"201006",491751,432947,-11.95,13.58,473817
"Übernachtungen","Inland",2010,"201007",568105,554583,15.53,2.44,474944
"Übernachtungen","Inland",2010,"201008",528346,464256,-7,13.8,480285
"Übernachtungen","Inland",2010,"201009",562235,498962,6.41,12.68,485558
"Übernachtungen","Inland",2010,"201010",600884,566265,6.87,6.11,488443
"Übernachtungen","Inland",2010,"201011",458534,435938,-23.69,5.18,490326
"Übernachtungen","Inland",2010,"201012",427712,414986,-6.72,3.07,491386
"Übernachtungen","Inland",2009,"Summe",5481694,5281265,,3.8,
"Übernachtungen","Inland",2009,"200901",369936,325046,-5.62,13.81,443846
"Übernachtungen","Inland",2009,"200902",356850,354822,-3.54,0.57,444015
"Übernachtungen","Inland",2009,"200903",428009,395195,19.94,8.3,446750
"Übernachtungen","Inland",2009,"200904",426662,440261,-0.31,-3.09,445617
"Übernachtungen","Inland",2009,"200905",532300,506449,24.76,5.1,447771
"Übernachtungen","Inland",2009,"200906",432947,454631,-18.66,-4.77,445964
"Übernachtungen","Inland",2009,"200907",554583,499166,28.09,11.1,450582
"Übernachtungen","Inland",2009,"200908",464256,436502,-16.29,6.36,452895
"Übernachtungen","Inland",2009,"200909",498962,509210,7.48,-2.01,452041
"Übernachtungen","Inland",2009,"200910",566265,547100,13.49,3.5,453638
"Übernachtungen","Inland",2009,"200911",435938,420910,-23.02,3.57,454890
"Übernachtungen","Inland",2009,"200912",414986,391973,-4.81,5.87,456808
"Übernachtungen","Inland",2008,"Summe",5281265,5008131,,5.45,
"Übernachtungen","Inland",2008,"200801",325046,339215,-16.48,-4.18,416164
"Übernachtungen","Inland",2008,"200802",354822,323880,9.16,9.55,418742
"Übernachtungen","Inland",2008,"200803",395195,416916,11.38,-5.21,416932
"Übernachtungen","Inland",2008,"200804",440261,396188,11.4,11.12,420605
"Übernachtungen","Inland",2008,"200805",506449,438417,15.03,15.52,426274
"Übernachtungen","Inland",2008,"200806",454631,418165,-10.23,8.72,429313
"Übernachtungen","Inland",2008,"200807",499166,463787,9.8,7.63,432261
"Übernachtungen","Inland",2008,"200808",436502,441470,-12.55,-1.13,431847
"Übernachtungen","Inland",2008,"200809",509210,454658,16.66,12,436393
"Übernachtungen","Inland",2008,"200810",547100,500480,7.44,9.32,440278
"Übernachtungen","Inland",2008,"200811",420910,425761,-23.07,-1.14,439874
"Übernachtungen","Inland",2008,"200812",391973,389194,-6.87,0.71,440105
"Übernachtungen","Inland",2007,"Summe",5008131,4701286,,6.53,
"Übernachtungen","Inland",2007,"200701",339215,297512,-9.64,14.02,395249
"Übernachtungen","Inland",2007,"200702",323880,305864,-4.52,5.89,396750
"Übernachtungen","Inland",2007,"200703",416916,388249,28.73,7.38,399139
"Übernachtungen","Inland",2007,"200704",396188,384512,-4.97,3.04,400112
"Übernachtungen","Inland",2007,"200705",438417,472172,10.66,-7.15,397299
"Übernachtungen","Inland",2007,"200706",418165,310909,-4.62,34.5,406237
"Übernachtungen","Inland",2007,"200707",463787,436521,10.91,6.25,408510
"Übernachtungen","Inland",2007,"200708",441470,414698,-4.81,6.46,410741
"Übernachtungen","Inland",2007,"200709",454658,452646,2.99,0.44,410908
"Übernachtungen","Inland",2007,"200710",500480,492981,10.08,1.52,411533
"Übernachtungen","Inland",2007,"200711",425761,369828,-14.93,15.12,416194
"Übernachtungen","Inland",2007,"200712",389194,375394,-8.59,3.68,417344
"Übernachtungen","Inland",2006,"Summe",4701286,4706772,,-0.12,
"Übernachtungen","Inland",2006,"200601",297512,308153,-15.75,-3.45,297512
"Übernachtungen","Inland",2006,"200602",305864,289029,2.81,5.82,301688
"Übernachtungen","Inland",2006,"200603",388249,337100,26.94,15.17,330542
"Übernachtungen","Inland",2006,"200604",384512,380134,-0.96,1.15,344034
"Übernachtungen","Inland",2006,"200605",472172,403816,22.8,16.93,369662
"Übernachtungen","Inland",2006,"200606",310909,414047,-34.15,-24.91,359870
"Übernachtungen","Inland",2006,"200607",436521,454809,40.4,-4.02,370820
"Übernachtungen","Inland",2006,"200608",414698,466054,-5,-11.02,376305
"Übernachtungen","Inland",2006,"200609",452646,448322,9.15,0.96,384787
"Übernachtungen","Inland",2006,"200610",492981,476200,8.91,3.52,395606
"Übernachtungen","Inland",2006,"200611",369828,375992,-24.98,-1.64,393263
"Übernachtungen","Inland",2006,"200612",375394,353116,1.51,6.31,391774
"Übernachtungen","insgesamt",2022,"Summe",4593216,7951417,,-42.23,
"Übernachtungen","insgesamt",2022,"202201",507202,190666,-11.46,166.02,688996
"Übernachtungen","insgesamt",2022,"202202",599847,214950,18.27,179.06,721071
"Übernachtungen","insgesamt",2022,"202203",861961,274449,43.7,214.07,770030
"Übernachtungen","insgesamt",2022,"202204",1178871,251266,36.77,369.17,847331
"Übernachtungen","insgesamt",2022,"202205",1445335,337387,22.6,328.39,939660
"Übernachtungen","insgesamt",2022,"202206",,580640,,,
"Übernachtungen","insgesamt",2022,"202207",,1016948,,,
"Übernachtungen","insgesamt",2022,"202208",,1237146,,,
"Übernachtungen","insgesamt",2022,"202209",,1124862,,,
"Übernachtungen","insgesamt",2022,"202210",,1297936,,,
"Übernachtungen","insgesamt",2022,"202211",,852290,,,
"Übernachtungen","insgesamt",2022,"202212",,572877,,,
"Übernachtungen","insgesamt",2021,"Summe",7951417,7059367,,12.64,
"Übernachtungen","insgesamt",2021,"202101",190666,1217768,-9.76,-84.34,502689
"Übernachtungen","insgesamt",2021,"202102",214950,1149523,12.74,-81.3,424808
"Übernachtungen","insgesamt",2021,"202103",274449,502859,27.68,-45.42,405774
"Übernachtungen","insgesamt",2021,"202104",251266,132525,-8.45,89.6,415669
"Übernachtungen","insgesamt",2021,"202105",337387,195738,34.27,72.37,427473
"Übernachtungen","insgesamt",2021,"202106",580640,418691,72.1,38.68,440968
"Übernachtungen","insgesamt",2021,"202107",1016948,787560,75.14,29.13,460084
"Übernachtungen","insgesamt",2021,"202108",1237146,841374,21.65,47.04,493065
"Übernachtungen","insgesamt",2021,"202109",1124862,745137,-9.08,50.96,524709
"Übernachtungen","insgesamt",2021,"202110",1297936,583966,15.39,122.26,584206
"Übernachtungen","insgesamt",2021,"202111",852290,272927,-34.33,212.28,632487
"Übernachtungen","insgesamt",2021,"202112",572877,211299,-32.78,171.12,662618
"Übernachtungen","insgesamt",2020,"Summe",7059367,18262580,,-61.35,
"Übernachtungen","insgesamt",2020,"202001",1217768,1165282,-21.55,4.5,1526256
"Übernachtungen","insgesamt",2020,"202002",1149523,1129672,-5.6,1.76,1527910
"Übernachtungen","insgesamt",2020,"202003",502859,1296107,-56.25,-61.2,1461806
"Übernachtungen","insgesamt",2020,"202004",132525,1546622,-73.65,-91.43,1343964
"Übernachtungen","insgesamt",2020,"202005",195738,1578891,47.7,-87.6,1228702
"Übernachtungen","insgesamt",2020,"202006",418691,1570820,113.9,-73.35,1132691
"Übernachtungen","insgesamt",2020,"202007",787560,1897216,88.1,-58.49,1040220
"Übernachtungen","insgesamt",2020,"202008",841374,1720968,6.83,-51.11,966920
"Übernachtungen","insgesamt",2020,"202009",745137,1682264,-11.44,-55.71,888826
"Übernachtungen","insgesamt",2020,"202010",583966,1713603,-21.63,-65.92,794690
"Übernachtungen","insgesamt",2020,"202011",272927,1408848,-53.26,-80.63,700030
"Übernachtungen","insgesamt",2020,"202012",211299,1552287,-22.58,-86.39,588281
"Übernachtungen","insgesamt",2019,"Summe",18262580,17089892,,6.86,
"Übernachtungen","insgesamt",2019,"201901",1165282,1070038,-16.87,8.9,1432095
"Übernachtungen","insgesamt",2019,"201902",1129672,1025158,-3.06,10.19,1440804
"Übernachtungen","insgesamt",2019,"201903",1296107,1286942,14.73,0.71,1441568
"Übernachtungen","insgesamt",2019,"201904",1546622,1366589,19.33,13.17,1456571
"Übernachtungen","insgesamt",2019,"201905",1578891,1405274,2.09,12.35,1471039
"Übernachtungen","insgesamt",2019,"201906",1570820,1506189,-0.51,4.29,1476425
"Übernachtungen","insgesamt",2019,"201907",1897216,1820773,20.78,4.2,1482795
"Übernachtungen","insgesamt",2019,"201908",1720968,1647543,-9.29,4.46,1488914
"Übernachtungen","insgesamt",2019,"201909",1682264,1624236,-2.25,3.57,1493749
"Übernachtungen","insgesamt",2019,"201910",1713603,1603808,1.86,6.85,1502899
"Übernachtungen","insgesamt",2019,"201911",1408848,1331542,-17.78,5.81,1509341
"Übernachtungen","insgesamt",2019,"201912",1552287,1401800,10.18,10.74,1521882
"Übernachtungen","insgesamt",2018,"Summe",17089892,15273117,,11.9,
"Übernachtungen","insgesamt",2018,"201801",1070038,929058,-20.18,15.17,1284508
"Übernachtungen","insgesamt",2018,"201802",1025158,950850,-4.19,7.81,1290700
"Übernachtungen","insgesamt",2018,"201803",1286942,1055130,25.54,21.97,1310018
"Übernachtungen","insgesamt",2018,"201804",1366589,1164922,6.19,17.31,1326824
"Übernachtungen","insgesamt",2018,"201805",1405274,1268809,2.83,10.76,1338196
"Übernachtungen","insgesamt",2018,"201806",1506189,1241886,7.18,21.28,1360221
"Übernachtungen","insgesamt",2018,"201807",1820773,1575411,20.89,15.57,1380668
"Übernachtungen","insgesamt",2018,"201808",1647543,1551706,-9.51,6.18,1388654
"Übernachtungen","insgesamt",2018,"201809",1624236,1573123,-1.41,3.25,1392914
"Übernachtungen","insgesamt",2018,"201810",1603808,1452296,-1.26,10.43,1405540
"Übernachtungen","insgesamt",2018,"201811",1331542,1169279,-16.98,13.88,1419062
"Übernachtungen","insgesamt",2018,"201812",1401800,1340647,5.28,4.56,1424158
"Übernachtungen","insgesamt",2017,"Summe",15273117,14027306,,8.88,
"Übernachtungen","insgesamt",2017,"201701",929058,888551,-17.58,4.56,1172318
"Übernachtungen","insgesamt",2017,"201702",950850,889363,2.35,6.91,1177442
"Übernachtungen","insgesamt",2017,"201703",1055130,1112528,10.97,-5.16,1172659
"Übernachtungen","insgesamt",2017,"201704",1164922,1222930,10.41,-4.74,1167825
"Übernachtungen","insgesamt",2017,"201705",1268809,1198157,8.92,5.9,1173712
"Übernachtungen","insgesamt",2017,"201706",1241886,1218464,-2.12,1.92,1175664
"Übernachtungen","insgesamt",2017,"201707",1575411,1391118,26.86,13.25,1191022
"Übernachtungen","insgesamt",2017,"201708",1551706,1279813,-1.5,21.24,1213680
"Übernachtungen","insgesamt",2017,"201709",1573123,1341337,1.38,17.28,1232995
"Übernachtungen","insgesamt",2017,"201710",1452296,1307204,-7.68,11.1,1245086
"Übernachtungen","insgesamt",2017,"201711",1169279,1050653,-19.49,11.29,1254972
"Übernachtungen","insgesamt",2017,"201712",1340647,1127188,14.66,18.94,1272760
"Übernachtungen","insgesamt",2016,"Summe",14027306,14055968,,-0.2,
"Übernachtungen","insgesamt",2016,"201601",888551,894229,-19.3,-0.63,1170858
"Übernachtungen","insgesamt",2016,"201602",889363,894082,0.09,-0.53,1170464
"Übernachtungen","insgesamt",2016,"201603",1112528,1028857,25.09,8.13,1177437
"Übernachtungen","insgesamt",2016,"201604",1222930,1066590,9.92,14.66,1190465
"Übernachtungen","insgesamt",2016,"201605",1198157,1221023,-2.03,-1.87,1188560
"Übernachtungen","insgesamt",2016,"201606",1218464,1216888,1.69,0.13,1188691
"Übernachtungen","insgesamt",2016,"201607",1391118,1432845,14.17,-2.91,1185214
"Übernachtungen","insgesamt",2016,"201608",1279813,1480624,-8,-13.56,1168480
"Übernachtungen","insgesamt",2016,"201609",1341337,1350978,4.81,-0.71,1167676
"Übernachtungen","insgesamt",2016,"201610",1307204,1327186,-2.54,-1.51,1166011
"Übernachtungen","insgesamt",2016,"201611",1050653,1041678,-19.63,0.86,1166759
"Übernachtungen","insgesamt",2016,"201612",1127188,1100988,7.28,2.38,1168942
"Übernachtungen","insgesamt",2015,"Summe",14055968,13430373,,4.66,
"Übernachtungen","insgesamt",2015,"201501",894229,859529,-19.37,4.04,1122089
"Übernachtungen","insgesamt",2015,"201502",894082,804339,-0.02,11.16,1129568
"Übernachtungen","insgesamt",2015,"201503",1028857,972536,15.07,5.79,1134261
"Übernachtungen","insgesamt",2015,"201504",1066590,1072731,3.67,-0.57,1133750
"Übernachtungen","insgesamt",2015,"201505",1221023,1199518,14.48,1.79,1135542
"Übernachtungen","insgesamt",2015,"201506",1216888,1139118,-0.34,6.83,1142023
"Übernachtungen","insgesamt",2015,"201507",1432845,1297672,17.75,10.42,1153287
"Übernachtungen","insgesamt",2015,"201508",1480624,1411681,3.33,4.88,1159032
"Übernachtungen","insgesamt",2015,"201509",1350978,1268747,-8.76,6.48,1165885
"Übernachtungen","insgesamt",2015,"201510",1327186,1276978,-1.76,3.93,1170069
"Übernachtungen","insgesamt",2015,"201511",1041678,1018540,-21.51,2.27,1171997
"Übernachtungen","insgesamt",2015,"201512",1100988,1108984,5.69,-0.72,1171331
"Übernachtungen","insgesamt",2014,"Summe",13430373,12906317,,4.06,
"Übernachtungen","insgesamt",2014,"201401",859529,824297,-14.07,4.27,1078462
"Übernachtungen","insgesamt",2014,"201402",804339,821844,-6.42,-2.13,1077004
"Übernachtungen","insgesamt",2014,"201403",972536,968450,20.91,0.42,1077344
"Übernachtungen","insgesamt",2014,"201404",1072731,1060153,10.3,1.19,1078392
"Übernachtungen","insgesamt",2014,"201405",1199518,1116021,11.82,7.48,1085350
"Übernachtungen","insgesamt",2014,"201406",1139118,1130945,-5.04,0.72,1086032
"Übernachtungen","insgesamt",2014,"201407",1297672,1251382,13.92,3.7,1089889
"Übernachtungen","insgesamt",2014,"201408",1411681,1288313,8.79,9.58,1100170
"Übernachtungen","insgesamt",2014,"201409",1268747,1239876,-10.13,2.33,1102576
"Übernachtungen","insgesamt",2014,"201410",1276978,1243281,0.65,2.71,1105384
"Übernachtungen","insgesamt",2014,"201411",1018540,961516,-20.24,5.93,1110136
"Übernachtungen","insgesamt",2014,"201412",1108984,1000239,8.88,10.87,1119198
"Übernachtungen","insgesamt",2013,"Summe",12906317,12372372,,4.32,
"Übernachtungen","insgesamt",2013,"201301",824297,758415,-17.64,8.69,1036521
"Übernachtungen","insgesamt",2013,"201302",821844,730316,-0.3,12.53,1044149
"Übernachtungen","insgesamt",2013,"201303",968450,903927,17.84,7.14,1049525
"Übernachtungen","insgesamt",2013,"201304",1060153,967026,9.47,9.63,1057286
"Übernachtungen","insgesamt",2013,"201305",1116021,1070620,5.27,4.24,1061069
"Übernachtungen","insgesamt",2013,"201306",1130945,1083184,1.34,4.41,1065050
"Übernachtungen","insgesamt",2013,"201307",1251382,1281071,10.65,-2.32,1062575
"Übernachtungen","insgesamt",2013,"201308",1288313,1161236,2.95,10.94,1073165
"Übernachtungen","insgesamt",2013,"201309",1239876,1249108,-3.76,-0.74,1072396
"Übernachtungen","insgesamt",2013,"201310",1243281,1210957,0.27,2.67,1075090
"Übernachtungen","insgesamt",2013,"201311",961516,955625,-22.66,0.62,1075580
"Übernachtungen","insgesamt",2013,"201312",1000239,1000887,4.03,-0.06,1075526
"Übernachtungen","insgesamt",2012,"Summe",12372372,11744039,,5.35,
"Übernachtungen","insgesamt",2012,"201201",758415,737915,-18.55,2.78,980378
"Übernachtungen","insgesamt",2012,"201202",730316,744488,-3.7,-1.9,979197
"Übernachtungen","insgesamt",2012,"201203",903927,813385,23.77,11.13,986742
"Übernachtungen","insgesamt",2012,"201204",967026,903980,6.98,6.97,991996
"Übernachtungen","insgesamt",2012,"201205",1070620,995343,10.71,7.56,998269
"Übernachtungen","insgesamt",2012,"201206",1083184,1025704,1.17,5.6,1003059
"Übernachtungen","insgesamt",2012,"201207",1281071,1277859,18.27,0.25,1003327
"Übernachtungen","insgesamt",2012,"201208",1161236,1069126,-9.35,8.62,1011003
"Übernachtungen","insgesamt",2012,"201209",1249108,1202612,7.57,3.87,1014878
"Übernachtungen","insgesamt",2012,"201210",1210957,1140679,-3.05,6.16,1020734
"Übernachtungen","insgesamt",2012,"201211",955625,901845,-21.09,5.96,1025216
"Übernachtungen","insgesamt",2012,"201212",1000887,931103,4.74,7.49,1031031
"Übernachtungen","insgesamt",2011,"Summe",11744039,11156532,,5.27,
"Übernachtungen","insgesamt",2011,"201101",737915,590915,-13.19,24.88,941961
"Übernachtungen","insgesamt",2011,"201102",744488,711957,0.89,4.57,944672
"Übernachtungen","insgesamt",2011,"201103",813385,822211,9.25,-1.07,943936
"Übernachtungen","insgesamt",2011,"201104",903980,883731,11.14,2.29,945624
"Übernachtungen","insgesamt",2011,"201105",995343,958175,10.11,3.88,948721
"Übernachtungen","insgesamt",2011,"201106",1025704,966797,3.05,6.09,953630
"Übernachtungen","insgesamt",2011,"201107",1277859,1217736,24.58,4.94,958640
"Übernachtungen","insgesamt",2011,"201108",1069126,1060762,-16.33,0.79,959337
"Übernachtungen","insgesamt",2011,"201109",1202612,1185414,12.49,1.45,960771
"Übernachtungen","insgesamt",2011,"201110",1140679,1080161,-5.15,5.6,965814
"Übernachtungen","insgesamt",2011,"201111",901845,828617,-20.94,8.84,971916
"Übernachtungen","insgesamt",2011,"201112",931103,850056,3.24,9.53,978670
"Übernachtungen","insgesamt",2010,"Summe",11156532,9922003,,12.44,
"Übernachtungen","insgesamt",2010,"201001",590915,623674,-26.48,-5.25,824104
"Übernachtungen","insgesamt",2010,"201002",711957,604183,20.48,17.84,833085
"Übernachtungen","insgesamt",2010,"201003",822211,709359,15.49,15.91,842489
"Übernachtungen","insgesamt",2010,"201004",883731,741534,7.48,19.18,854339
"Übernachtungen","insgesamt",2010,"201005",958175,911721,8.42,5.1,858210
"Übernachtungen","insgesamt",2010,"201006",966797,788426,0.9,22.62,873074
"Übernachtungen","insgesamt",2010,"201007",1217736,1057839,25.96,15.12,886399
"Übernachtungen","insgesamt",2010,"201008",1060762,932327,-12.89,13.78,897102
"Übernachtungen","insgesamt",2010,"201009",1185414,1009452,11.75,17.43,911766
"Übernachtungen","insgesamt",2010,"201010",1080161,995325,-8.88,8.52,918835
"Übernachtungen","insgesamt",2010,"201011",828617,744388,-23.29,11.32,925854
"Übernachtungen","insgesamt",2010,"201012",850056,803775,2.59,5.76,929711
"Übernachtungen","insgesamt",2009,"Summe",9922003,9844671,,0.79,
"Übernachtungen","insgesamt",2009,"200901",623674,605830,-15.41,2.95,821876
"Übernachtungen","insgesamt",2009,"200902",604183,621442,-3.13,-2.78,820438
"Übernachtungen","insgesamt",2009,"200903",709359,703508,17.41,0.83,820926
"Übernachtungen","insgesamt",2009,"200904",741534,787729,4.54,-5.86,817076
"Übernachtungen","insgesamt",2009,"200905",911721,874507,22.95,4.26,820177
"Übernachtungen","insgesamt",2009,"200906",788426,858102,-13.52,-8.12,814371
"Übernachtungen","insgesamt",2009,"200907",1057839,1010561,34.17,4.68,818311
"Übernachtungen","insgesamt",2009,"200908",932327,971533,-11.86,-4.04,815044
"Übernachtungen","insgesamt",2009,"200909",1009452,990289,8.27,1.94,816640
"Übernachtungen","insgesamt",2009,"200910",995325,967107,-1.4,2.92,818992
"Übernachtungen","insgesamt",2009,"200911",744388,716765,-25.21,3.85,821294
"Übernachtungen","insgesamt",2009,"200912",803775,737298,7.98,9.02,826834
"Übernachtungen","insgesamt",2008,"Summe",9844671,9529205,,3.31,
"Übernachtungen","insgesamt",2008,"200801",605830,574818,-19.48,5.4,796685
"Übernachtungen","insgesamt",2008,"200802",621442,590314,2.58,5.27,799279
"Übernachtungen","insgesamt",2008,"200803",703508,726153,13.21,-3.12,797392
"Übernachtungen","insgesamt",2008,"200804",787729,786769,11.97,0.12,797472
"Übernachtungen","insgesamt",2008,"200805",874507,777437,11.02,12.49,805561
"Übernachtungen","insgesamt",2008,"200806",858102,799619,-1.88,7.31,810434
"Übernachtungen","insgesamt",2008,"200807",1010561,941520,17.77,7.33,816188
"Übernachtungen","insgesamt",2008,"200808",971533,970926,-3.86,0.06,816238
"Übernachtungen","insgesamt",2008,"200809",990289,958374,1.93,3.33,818898
"Übernachtungen","insgesamt",2008,"200810",967107,918632,-2.34,5.28,822938
"Übernachtungen","insgesamt",2008,"200811",716765,732280,-25.89,-2.12,821645
"Übernachtungen","insgesamt",2008,"200812",737298,752363,2.86,-2,820389
"Übernachtungen","insgesamt",2007,"Summe",9529205,8878216,,7.33,
"Übernachtungen","insgesamt",2007,"200701",574818,527607,-19,8.95,743786
"Übernachtungen","insgesamt",2007,"200702",590314,513391,2.7,14.98,750196
"Übernachtungen","insgesamt",2007,"200703",726153,661645,23.01,9.75,755572
"Übernachtungen","insgesamt",2007,"200704",786769,675391,8.35,16.49,764853
"Übernachtungen","insgesamt",2007,"200705",777437,814087,-1.19,-4.5,761799
"Übernachtungen","insgesamt",2007,"200706",799619,728646,2.85,9.74,767713
"Übernachtungen","insgesamt",2007,"200707",941520,912927,17.75,3.13,770096
"Übernachtungen","insgesamt",2007,"200708",970926,872431,3.12,11.29,778304
"Übernachtungen","insgesamt",2007,"200709",958374,935260,-1.29,2.47,780230
"Übernachtungen","insgesamt",2007,"200710",918632,861666,-4.15,6.61,784977
"Übernachtungen","insgesamt",2007,"200711",732280,665483,-20.29,10.04,790544
"Übernachtungen","insgesamt",2007,"200712",752363,709682,2.74,6.01,794100
"Übernachtungen","insgesamt",2006,"Summe",8878216,8478290,,4.72,
"Übernachtungen","insgesamt",2006,"200601",527607,501937,-17.31,5.11,527607
"Übernachtungen","insgesamt",2006,"200602",513391,521421,-2.69,-1.54,520499
"Übernachtungen","insgesamt",2006,"200603",661645,578784,28.88,14.32,567548
"Übernachtungen","insgesamt",2006,"200604",675391,669773,2.08,0.84,594509
"Übernachtungen","insgesamt",2006,"200605",814087,679570,20.54,19.79,638424
"Übernachtungen","insgesamt",2006,"200606",728646,775173,-10.5,-6,653461
"Übernachtungen","insgesamt",2006,"200607",912927,872231,25.29,4.67,690528
"Übernachtungen","insgesamt",2006,"200608",872431,909671,-4.44,-4.09,713266
"Übernachtungen","insgesamt",2006,"200609",935260,892378,7.2,4.81,737932
"Übernachtungen","insgesamt",2006,"200610",861666,815460,-7.87,5.67,750305
"Übernachtungen","insgesamt",2006,"200611",665483,623802,-22.77,6.68,742594
"Übernachtungen","insgesamt",2006,"200612",709682,638090,6.64,11.22,739851
